TableNum,RowNum,table_row,Sector,Sector_shortname,SCC_21,SO2 2005-2010,SO2 2010-2015,SO2 2015-2020,SO2 2020-2055,NOX 2005-2010,NOX 2010-2015,NOX 2015-2020,NOX 2020-2055,PM10-PRI 2005-2010,PM10-PRI 2010-2015,PM10-PRI 2015-2020,PM10-PRI 2020-2055,PM25-PRI 2005-2010,PM25-PRI 2010-2015,PM25-PRI 2015-2020,PM25-PRI 2020-2055,VOC 2005-2010,VOC 2010-2015,VOC 2015-2020,VOC 2020-2055,CO 2005-2010,CO 2010-2015,CO 2015-2020,CO 2020-2055,BC 2005-2010,BC 2010-2015,BC 2015-2020,BC 2020-2055,OC 2005-2010,OC 2010-2015,OC 2015-2020,OC 2020-2055,CO2 2005-2010,CO2 2010-2015,CO2 2015-2020,CO2 2020-2055,CH4 2005-2010,CH4 2010-2015,CH4 2015-2020,CH4 2020-2055
4,38,4_38,Residential : Natural Gas : Space Heating,Residential,2104006000,0.264485347,0.264485347,0.264485347,0.264485347,41.43603772,41.43603772,41.43603772,41.43603772,0.229220634,0.229220634,0.229220634,0.229220634,0.189547832,0.189547832,0.189547832,0.189547832,2.424449016,2.424449016,2.424449016,2.424449016,17.63235648,17.63235648,17.63235648,17.63235648,0,0,0,0,0,0,0,0,1,1,1,1,1,1,1,1
4,39,4_39,Residential : Natural Gas : Space Cooling,Residential,2104006000,0.264485347,0.264485347,0.264485347,0.264485347,41.43603772,41.43603772,41.43603772,41.43603772,0.229220634,0.229220634,0.229220634,0.229220634,0.189547832,0.189547832,0.189547832,0.189547832,2.424449016,2.424449016,2.424449016,2.424449016,17.63235648,17.63235648,17.63235648,17.63235648,0,0,0,0,0,0,0,0,1,1,1,1,1,1,1,1
4,40,4_40,Residential : Natural Gas : Water Heating,Residential,2104006000,0.264485347,0.264485347,0.264485347,0.264485347,41.43603772,41.43603772,41.43603772,41.43603772,0.229220634,0.229220634,0.229220634,0.229220634,0.189547832,0.189547832,0.189547832,0.189547832,2.424449016,2.424449016,2.424449016,2.424449016,17.63235648,17.63235648,17.63235648,17.63235648,0,0,0,0,0,0,0,0,1,1,1,1,1,1,1,1
4,41,4_41,Residential : Natural Gas : Cooking,Residential,2104006000,0.264485347,0.264485347,0.264485347,0.264485347,41.43603772,41.43603772,41.43603772,41.43603772,0.229220634,0.229220634,0.229220634,0.229220634,0.189547832,0.189547832,0.189547832,0.189547832,2.424449016,2.424449016,2.424449016,2.424449016,17.63235648,17.63235648,17.63235648,17.63235648,0,0,0,0,0,0,0,0,1,1,1,1,1,1,1,1
4,42,4_42,Residential : Natural Gas : Clothes Dryers,Residential,2104006000,0.264485347,0.264485347,0.264485347,0.264485347,41.43603772,41.43603772,41.43603772,41.43603772,0.229220634,0.229220634,0.229220634,0.229220634,0.189547832,0.189547832,0.189547832,0.189547832,2.424449016,2.424449016,2.424449016,2.424449016,17.63235648,17.63235648,17.63235648,17.63235648,0,0,0,0,0,0,0,0,1,1,1,1,1,1,1,1
4,43,4_43,Residential : Natural Gas : Other Uses,Residential,2104006000,0.264485347,0.264485347,0.264485347,0.264485347,41.43603772,41.43603772,41.43603772,41.43603772,0.229220634,0.229220634,0.229220634,0.229220634,0.189547832,0.189547832,0.189547832,0.189547832,2.424449016,2.424449016,2.424449016,2.424449016,17.63235648,17.63235648,17.63235648,17.63235648,0,0,0,0,0,0,0,0,1,1,1,1,1,1,1,1
4,47,4_47,Residential : Distillate Fuel Oil : Space Heating,Residential,2104004000,139.3248874,139.3248874,139.3248874,139.3248874,58.86967073,58.86967073,58.86967073,58.86967073,7.783878686,7.783878686,7.783878686,7.783878686,6.96624437,6.96624437,6.96624437,6.96624437,2.289376084,2.289376084,2.289376084,2.289376084,16.35268631,16.35268631,16.35268631,16.35268631,0,0,0,0,0,0,0,0,1,1,1,1,1,1,1,1
4,48,4_48,Residential : Distillate Fuel Oil : Water Heating,Residential,2104004000,139.3248874,139.3248874,139.3248874,139.3248874,58.86967073,58.86967073,58.86967073,58.86967073,7.783878686,7.783878686,7.783878686,7.783878686,6.96624437,6.96624437,6.96624437,6.96624437,2.289376084,2.289376084,2.289376084,2.289376084,16.35268631,16.35268631,16.35268631,16.35268631,0,0,0,0,0,0,0,0,1,1,1,1,1,1,1,1
4,49,4_49,Residential : Distillate Fuel Oil : Other Uses,Residential,2104004000,139.3248874,139.3248874,139.3248874,139.3248874,58.86967073,58.86967073,58.86967073,58.86967073,7.783878686,7.783878686,7.783878686,7.783878686,6.96624437,6.96624437,6.96624437,6.96624437,2.289376084,2.289376084,2.289376084,2.289376084,16.35268631,16.35268631,16.35268631,16.35268631,0,0,0,0,0,0,0,0,1,1,1,1,1,1,1,1
4,53,4_53,Residential : Propane : Space Heating,Residential,2104000000,0.29695853,0.29695853,0.29695853,0.29695853,66.32073835,66.32073835,66.32073835,66.32073835,0.247465442,0.247465442,0.247465442,0.247465442,0.197972353,0.197972353,0.197972353,0.197972353,2.573640593,2.573640593,2.573640593,2.573640593,18.80737356,18.80737356,18.80737356,18.80737356,0,0,0,0,0,0,0,0,1,1,1,1,1,1,1,1
4,54,4_54,Residential : Propane : Water Heating,Residential,2104000000,0.29695853,0.29695853,0.29695853,0.29695853,66.32073835,66.32073835,66.32073835,66.32073835,0.247465442,0.247465442,0.247465442,0.247465442,0.197972353,0.197972353,0.197972353,0.197972353,2.573640593,2.573640593,2.573640593,2.573640593,18.80737356,18.80737356,18.80737356,18.80737356,0,0,0,0,0,0,0,0,1,1,1,1,1,1,1,1
4,55,4_55,Residential : Propane : Cooking,Residential,2104000000,0.29695853,0.29695853,0.29695853,0.29695853,66.32073835,66.32073835,66.32073835,66.32073835,0.247465442,0.247465442,0.247465442,0.247465442,0.197972353,0.197972353,0.197972353,0.197972353,2.573640593,2.573640593,2.573640593,2.573640593,18.80737356,18.80737356,18.80737356,18.80737356,0,0,0,0,0,0,0,0,1,1,1,1,1,1,1,1
4,56,4_56,Residential : Propane : Other Uses,Residential,2104000000,0.29695853,0.29695853,0.29695853,0.29695853,66.32073835,66.32073835,66.32073835,66.32073835,0.247465442,0.247465442,0.247465442,0.247465442,0.197972353,0.197972353,0.197972353,0.197972353,2.573640593,2.573640593,2.573640593,2.573640593,18.80737356,18.80737356,18.80737356,18.80737356,0,0,0,0,0,0,0,0,1,1,1,1,1,1,1,1
4,59,4_59,Residential : Marketed Renewables (wood),Residential,2104008000,11.33920897,11.33920897,11.33920897,11.33920897,133.7827112,133.7827112,133.7827112,133.7827112,742.4426296,742.4426296,742.4426296,742.4426296,638.5006614,638.5006614,638.5006614,638.5006614,1215.290139,1215.290139,1215.290139,1215.290139,5473.50291,5473.50291,5473.50291,5473.50291,0,0,0,0,0,0,0,0,1,1,1,1,1,1,1,1
4,60,4_60,Residential : Other Fuels,Residential,2104000000,139.3248874,139.3248874,139.3248874,139.3248874,58.86967073,58.86967073,58.86967073,58.86967073,7.783878686,7.783878686,7.783878686,7.783878686,6.96624437,6.96624437,6.96624437,6.96624437,2.289376084,2.289376084,2.289376084,2.289376084,16.35268631,16.35268631,16.35268631,16.35268631,0,0,0,0,0,0,0,0,1,1,1,1,1,1,1,1
5,31,5_31,Commercial : Natural Gas : Space Heating,Commercial,2103006000,0.264485347,0.264485347,0.264485347,0.264485347,44.08089119,44.08089119,44.08089119,44.08089119,3.835037534,3.835037534,3.835037534,3.835037534,3.835037534,3.835037534,3.835037534,3.835037534,2.336287233,2.336287233,2.336287233,2.336287233,8.816178239,8.816178239,8.816178239,8.816178239,0,0,0,0,0,0,0,0,1,1,1,1,1,1,1,1
5,32,5_32,Commercial : Natural Gas : Space Cooling,Commercial,2103006000,0.264485347,0.264485347,0.264485347,0.264485347,44.08089119,44.08089119,44.08089119,44.08089119,0.229220634,0.229220634,0.229220634,0.229220634,0.189547832,0.189547832,0.189547832,0.189547832,2.424449016,2.424449016,2.424449016,2.424449016,37.0279486,37.0279486,37.0279486,37.0279486,0,0,0,0,0,0,0,0,1,1,1,1,1,1,1,1
5,33,5_33,Commercial : Natural Gas : Water Heating,Commercial,2103006000,0.264485347,0.264485347,0.264485347,0.264485347,45.39467138,45.39467138,45.39467138,45.39467138,3.350080172,3.350080172,3.350080172,3.350080172,3.350115324,3.350115324,3.350115324,3.350115324,2.424449014,2.424449014,2.424449014,2.424449014,37.0279486,37.0279486,37.0279486,37.0279486,0,0,0,0,0,0,0,0,1,1,1,1,1,1,1,1
5,34,5_34,Commercial : Natural Gas : Cooking,Commercial,2103006000,0.264485347,0.264485347,0.264485347,0.264485347,44.08089119,44.08089119,44.08089119,44.08089119,3.835037534,3.835037534,3.835037534,3.835037534,3.835037534,3.835037534,3.835037534,3.835037534,2.336287233,2.336287233,2.336287233,2.336287233,8.816178239,8.816178239,8.816178239,8.816178239,0,0,0,0,0,0,0,0,1,1,1,1,1,1,1,1
5,35,5_35,Commercial : Natural Gas : Other Uses,Commercial,2103006000,0.264485347,0.264485347,0.264485347,0.264485347,45.34078424,45.34078424,45.34078424,45.34078424,3.371407447,3.371407447,3.371407447,3.371407447,3.373833563,3.373833563,3.373833563,3.373833563,2.420365282,2.420365282,2.420365282,2.420365282,35.86020172,35.86020172,35.86020172,35.86020172,0,0,0,0,0,0,0,0,1,1,1,1,1,1,1,1
5,39,5_39,Commercial : Distillate Fuel Oil : Space Heating,Commercial,2103004000,140.1270873,140.1270873,140.1270873,140.1270873,49.64748836,49.64748836,49.64748836,49.64748836,7.783878686,7.783878686,7.783878686,7.783878686,6.96624437,6.96624437,6.96624437,6.96624437,1.111982669,1.111982669,1.111982669,1.111982669,16.35268631,16.35268631,16.35268631,16.35268631,0,0,0,0,0,0,0,0,1,1,1,1,1,1,1,1
5,40,5_40,Commercial : Distillate Fuel Oil : Water Heating,Commercial,2103004000,140.1270873,140.1270873,140.1270873,140.1270873,49.64748836,49.64748836,49.64748836,49.64748836,7.783878686,7.783878686,7.783878686,7.783878686,6.96624437,6.96624437,6.96624437,6.96624437,1.111982669,1.111982669,1.111982669,1.111982669,16.35268631,16.35268631,16.35268631,16.35268631,0,0,0,0,0,0,0,0,1,1,1,1,1,1,1,1
5,41,5_41,Commercial : Distillate Fuel Oil : Other Uses,Commercial,2103004000,140.1270873,140.1270873,140.1270873,140.1270873,49.64748836,49.64748836,49.64748836,49.64748836,7.797525765,7.797525765,7.797525765,7.797525765,6.964925819,6.964925819,6.964925819,6.964925819,2.267395945,2.267395945,2.267395945,2.267395945,16.35268631,16.35268631,16.35268631,16.35268631,0,0,0,0,0,0,0,0,1,1,1,1,1,1,1,1
5,44,5_44,Commercial : Marketed Renewables (biomass),Commercial,2103000000,0,10.99814852,10.99814852,10.99814852,0,52.35341015,52.35341015,52.35341015,0,1.257701272,1.257701272,1.257701272,0,0.764753393,0.764753393,0.764753393,0,8.5,8.5,8.5,0,475.7879801,475.7879801,475.7879801,0.633650617,0.633650617,0.633650617,0.633650617,1.267301233,1.267301233,1.267301233,1.267301233,1,1,1,1,1,1,1,1
5,45,5_45,Commercial : Other Fuels,Commercial,2103000000,7.142768954,7.142768954,7.142768954,7.142768954,70.40391403,70.40391403,70.40391403,70.40391403,0.508816032,0.508816032,0.508816032,0.508816032,0.491690459,0.491690459,0.491690459,0.491690459,2.573640593,2.573640593,2.573640593,2.573640593,38.70214388,38.70214388,38.70214388,38.70214388,0,0,0,0,0,0,0,0,1,1,1,1,1,1,1,1
35,7,35_7,Refining Industry : Total Energy Use : Residual Fuel Oil,Industrial,2102005000,0.247437405,0.247437405,0.247437405,0.247437405,0.16669,0.16669,0.16669,0.16669,0.050047438,0.050047438,0.050047438,0.050047438,0.032530835,0.032530835,0.032530835,0.032530835,0.000844,0.000844,0.000844,0.000844,0.0151498,0.0151498,0.0151498,0.0151498,0.004003795,0.004003795,0.004003795,0.004003795,0.016265417,0.016265417,0.016265417,0.016265417,1,1,1,1,1,1,1,1
35,8,35_8,Refining Industry : Total Energy Use : Distillate Fuel Oil,Industrial,2102004000,0.079825688,0.079825688,0.079825688,0.079825688,1.031649635,1.031649635,1.031649635,1.031649635,0.067981938,0.067981938,0.067981938,0.067981938,0.059362768,0.059362768,0.059362768,0.059362768,0.04965881,0.04965881,0.04965881,0.04965881,0.21915515,0.21915515,0.21915515,0.21915515,0.020394581,0.020394581,0.020394581,0.020394581,0.004201568,0.004201568,0.004201568,0.004201568,1,1,1,1,1,1,1,1
35,9,35_9,Refining Industry : Total Energy Use : Liquefied Petroleum Gases,Industrial,2102007000,0.020480458,0.020480458,0.020480458,0.020480458,0.421816864,0.421816864,0.421816864,0.421816864,0.025044596,0.025044596,0.025044596,0.025044596,0.025058874,0.025058874,0.025058874,0.025058874,0.032948818,0.032948818,0.032948818,0.032948818,0.034246628,0.135364368,0.121577516,0.121578293,0.003004183,0.003004183,0.003004183,0.003004183,0.002326626,0.002326626,0.002326626,0.002326626,1,1,1,1,1,1,1,1
35,10,35_10,Refining Industry : Total Energy Use : Petroleum Coke,Industrial,2102009000,0.825331042,0.825331042,0.825331042,0.825331042,0.7710995,0.7710995,0.7710995,0.7710995,0.173766428,0.173766428,0.173766428,0.173766428,0.06659822,0.06659822,0.06659822,0.06659822,0.0011394,0.0011394,0.0011394,0.0011394,0.0136095,0.0136095,0.0136095,0.0136095,0.066450994,0.066450994,0.066450994,0.066450994,0.001997947,0.001997947,0.001997947,0.001997947,1,1,1,1,1,1,1,1
35,11,35_11,Refining Industry : Total Energy Use : Still Gas,Industrial,2102000000,0.003889792,0.003889792,0.003889792,0.003889792,0.142795357,0.142795357,0.142795357,0.142795357,0.006921384,0.006921384,0.006921384,0.006921384,0.006939858,0.006939858,0.006939858,0.006939858,0.014118177,0.014118177,0.014118177,0.014118177,0,0,0,0,0,0,0,0,0,0,0,0,1,1,1,1,1,1,1,1
35,12,35_12,Refining Industry : Total Energy Use : Other Petroleum,Industrial,2102007000,0.098988651,0.098988651,0.098988651,0.098988651,0.098936189,0.098936189,0.098936189,0.098936189,0.098973309,0.098973309,0.098973309,0.098973309,0.098972854,0.098972854,0.098972854,0.098972854,0.09895525,0.09895525,0.09895525,0.09895525,0.016828524,0.098985772,0.098989131,0.09899249,0.005573211,0.005573211,0.005573211,0.005573211,0.000278661,0.000278661,0.000278661,0.000278661,1,1,1,1,1,1,1,1
35,14,35_14,Refining Industry : Total Energy Use : Natural Gas,Industrial,2102006000,0.000264485,0.000264485,0.000264485,0.000264485,0.223191821,0.223191821,0.223191821,0.223191821,0.00488463,0.00488463,0.00488463,0.00488463,0.00488463,0.00488463,0.00488463,0.00488463,0.024470231,0.024470231,0.024470231,0.024470231,0.355019511,0.355019511,0.355019511,0.355019511,0.000293078,0.000293078,0.000293078,0.000293078,0.001775683,0.001775683,0.001775683,0.001775683,1,1,1,1,1,1,1,1
35,18,35_18,Refining Industry : Total Energy Use : Steam Coal,Industrial,2102000000,0.903963115,0.903963115,0.903963115,0.903963115,0.3396045,0.3396045,0.3396045,0.3396045,0.173766428,0.173766428,0.173766428,0.173766428,0.06659822,0.06659822,0.06659822,0.06659822,0.001439976,0.001439976,0.001439976,0.001439976,0.072591329,0.072591329,0.072591329,0.072591329,0.066450994,0.066450994,0.066450994,0.066450994,0.006881816,0.006881816,0.006881816,0.006881816,1,1,1,1,1,1,1,1
36,12,36_12,Food Industry : Energy Use : Renewables,Industrial,2102000000,0,0.010998149,0.010998149,0.010998149,0,0.095279199,0.095279199,0.095279199,0,0.009815835,0.009815835,0.009815835,0,0.005049767,0.005049767,0.005049767,0,0.007407279,0.007407279,0.007407279,0,0.271862506,0.271862506,0.271862506,0.000633651,0.000633651,0.000633651,0.000633651,0.001267301,0.001267301,0.001267301,0.001267301,1,1,1,1,1,1,1,1
36,5,36_5,Food Industry : Energy Use : Residual Fuel Oil,Industrial,2102005000,0.247437405,0.247437405,0.247437405,0.247437405,0.16669,0.16669,0.16669,0.16669,0.050047438,0.050047438,0.050047438,0.050047438,0.032530835,0.032530835,0.032530835,0.032530835,0.000844,0.000844,0.000844,0.000844,0.0151498,0.0151498,0.0151498,0.0151498,0.004003795,0.004003795,0.004003795,0.004003795,0.016265417,0.016265417,0.016265417,0.016265417,1,1,1,1,1,1,1,1
36,6,36_6,Food Industry : Energy Use : Distillate Fuel Oil,Industrial,2102004000,0.001401376,0.001401376,0.001401376,0.001401376,0.066131387,0.066131387,0.066131387,0.066131387,0.046308895,0.046308895,0.046308895,0.046308895,0.038036053,0.038036053,0.038036053,0.038036053,0.0006541,0.0006541,0.0006541,0.0006541,0.0163103,0.0163103,0.0163103,0.0163103,0.013892668,0.013892668,0.013892668,0.013892668,0.001141082,0.001141082,0.001141082,0.001141082,1,1,1,1,1,1,1,1
36,7,36_7,Food Industry : Energy Use : Propane,Industrial,2102000000,5.92E-08,5.92E-08,5.92E-08,5.92E-08,0.0695245,0.0695245,0.0695245,0.0695245,0.005573211,0.005573211,0.005573211,0.005573211,0.005573211,0.005573211,0.005573211,0.005573211,0.00247925,0.00247925,0.00247925,0.00247925,0.0094317,0.0094317,0.0094317,0.0094317,0.000194765,0.000194765,0.000194765,0.000194765,0.002786606,0.002786606,0.002786606,0.002786606,1,1,1,1,1,1,1,1
36,11,36_11,Food Industry : Energy Use : Steam Coal,Industrial,2102000000,0.903963115,0.903963115,0.903963115,0.903963115,0.3396045,0.3396045,0.3396045,0.3396045,0.173766428,0.173766428,0.173766428,0.173766428,0.06659822,0.06659822,0.06659822,0.06659822,0.001439976,0.001439976,0.001439976,0.001439976,0.102082243,0.102082243,0.102082243,0.102082243,0.066450994,0.066450994,0.066450994,0.066450994,0.008657769,0.008657769,0.008657769,0.008657769,1,1,1,1,1,1,1,1
36,10,36_10,Food Industry : Energy Use : Natural Gas,Industrial,2102006000,0.000264485,0.000264485,0.000264485,0.000264485,0.061752678,0.061752678,0.061752678,0.061752678,0.003333159,0.003333159,0.003333159,0.003333159,0.003333159,0.003333159,0.003333159,0.003333159,0.002336287,0.002336287,0.002336287,0.002336287,0.03499417,0.03499417,0.03499417,0.03499417,0.00019999,0.00019999,0.00019999,0.00019999,0.000333316,0.000333316,0.000333316,0.000333316,1,1,1,1,1,1,1,1
37,13,37_13,Paper Industry : Energy Use : Renewables,Industrial,2102000000,0.011339809,0.011339809,0.011339809,0.011339809,0.09687001,0.09687001,0.09687001,0.09687001,0.012673012,0.012673012,0.012673012,0.012673012,0.006336506,0.006336506,0.006336506,0.006336506,0.00771107,0.00771107,0.00771107,0.00771107,0.275000296,0.275000296,0.275000296,0.275000296,0.000633651,0.000633651,0.000633651,0.000633651,0.001267301,0.001267301,0.001267301,0.001267301,1,1,1,1,1,1,1,1
37,5,37_5,Paper Industry : Energy Use : Residual Fuel Oil,Industrial,2102005000,0.247437405,0.247437405,0.247437405,0.247437405,0.884704583,0.884704583,0.884704583,0.884704583,0.089654981,0.089654981,0.089654981,0.089654981,0.080689483,0.080689483,0.080689483,0.080689483,0.09866352,0.09866352,0.09866352,0.09866352,0.361338501,0.361338501,0.361338501,0.361338501,0.026896494,0.026896494,0.026896494,0.026896494,0.002420684,0.002420684,0.002420684,0.002420684,1,1,1,1,1,1,1,1
37,6,37_6,Paper Industry : Energy Use : Distillate Fuel Oil,Industrial,2102004000,0.001401376,0.001397246,0.001397246,0.001397246,0.05922084,0.052042631,0.052042631,0.052042631,0.008050843,0.007973159,0.007973159,0.007973159,0.005459143,0.005398581,0.005398581,0.005398581,0.000654107,0.000650068,0.000650068,0.000650068,0.016352686,0.016352686,0.016352686,0.016352686,0.005459143,0.005459143,0.005459143,0.005459143,0.000491323,0.000491323,0.000491323,0.000491323,1,1,1,1,1,1,1,1
37,7,37_7,Paper Industry : Energy Use : Propane,Industrial,2102000000,5.92E-08,5.92E-08,5.92E-08,5.92E-08,0.0695245,0.0695245,0.0695245,0.0695245,0.005573211,0.005573211,0.005573211,0.005573211,0.005573211,0.005573211,0.005573211,0.005573211,0.00247925,0.00247925,0.00247925,0.00247925,0.0094317,0.0094317,0.0094317,0.0094317,0.000194765,0.000194765,0.000194765,0.000194765,0.002786606,0.002786606,0.002786606,0.002786606,1,1,1,1,1,1,1,1
37,8,37_8,Paper Industry : Energy Use : Petroleum Coke,Industrial,2102009000,0.825331042,0.825331042,0.825331042,0.825331042,0.7710995,0.7710995,0.7710995,0.7710995,0.173766428,0.173766428,0.173766428,0.173766428,0.06659822,0.06659822,0.06659822,0.06659822,0.0011394,0.0011394,0.0011394,0.0011394,0.0136095,0.0136095,0.0136095,0.0136095,0.066450994,0.066450994,0.066450994,0.066450994,0.001997947,0.001997947,0.001997947,0.001997947,1,1,1,1,1,1,1,1
37,9,37_9,Paper Industry : Energy Use : Other Petroleum,Industrial,2102007000,5.92E-08,0.098989771,0.098989211,0.098988651,0.09899132,0.098936054,0.098936122,0.098936189,0.005573211,0.098968403,0.098970856,0.098973309,0.005573211,0.098955105,0.09896398,0.098972854,0.001891793,0.09895072,0.098952985,0.09895525,0.016828524,0.098985772,0.098989131,0.09899249,0.005573211,0.005573211,0.005573211,0.005573211,0.000278661,0.000278661,0.000278661,0.000278661,1,1,1,1,1,1,1,1
37,12,37_12,Paper Industry : Energy Use : Steam Coal,Industrial,2102000000,0.903963115,0.822031226,0.822031226,0.822031226,0.32705,0.294186806,0.294186806,0.294186806,0.173766428,0.001218129,0.001218129,0.001218129,0.06659822,0.000537167,0.000537167,0.000537167,0.001439976,0.001391245,0.001391245,0.001391245,0.079547,0.105420684,0.105420684,0.105420684,0.066450994,0.066450994,0.066450994,0.066450994,0.003329911,0.003329911,0.003329911,0.003329911,1,1,1,1,1,1,1,1
37,11,37_11,Paper Industry : Energy Use : Natural Gas,Industrial,2102006000,0.000211,0.000210198,0.000210198,0.000210198,0.12027,0.090373818,0.090373818,0.090373818,0.0032705,0.003146531,0.003146531,0.003146531,0.0032705,0.003204788,0.003204788,0.003204788,0.002321,0.002231547,0.002231547,0.002231547,0.1520466,0.151948688,0.151948688,0.151948688,0.003350148,0.003350148,0.003350148,0.003350148,0.00163525,0.00163525,0.00163525,0.00163525,1,1,1,1,1,1,1,1
38,6,38_6,Bulk Chemical : Energy Use : Heat and Power : Residual Fuel Oil,Industrial,2102000000,0.247437405,0.247437405,0.247437405,0.247437405,0.16669,0.16669,0.16669,0.16669,0.050047438,0.050047438,0.050047438,0.050047438,0.032530835,0.032530835,0.032530835,0.032530835,0.000844,0.000844,0.000844,0.000844,0.0151498,0.0151498,0.0151498,0.0151498,0.004003795,0.004003795,0.004003795,0.004003795,0.016265417,0.016265417,0.016265417,0.016265417,1,1,1,1,1,1,1,1
38,7,38_7,Bulk Chemical : Energy Use : Heat and Power : Distillate Fuel Oil,Industrial,2102000000,0.001401376,0.001401376,0.001401376,0.001401376,0.066131387,0.066131387,0.066131387,0.066131387,0.046308895,0.046308895,0.046308895,0.046308895,0.038036053,0.038036053,0.038036053,0.038036053,0.0006541,0.0006541,0.0006541,0.0006541,0.0163103,0.0163103,0.0163103,0.0163103,0.013892668,0.013892668,0.013892668,0.013892668,0.001141082,0.001141082,0.001141082,0.001141082,1,1,1,1,1,1,1,1
38,8,38_8,Bulk Chemical : Energy Use : Heat and Power : Propane,Industrial,2102000000,5.92E-08,5.92E-08,5.92E-08,5.92E-08,0.0695245,0.0695245,0.0695245,0.0695245,0.005573211,0.005573211,0.005573211,0.005573211,0.005573211,0.005573211,0.005573211,0.005573211,0.00247925,0.00247925,0.00247925,0.00247925,0.0094317,0.0094317,0.0094317,0.0094317,0.000194765,0.000194765,0.000194765,0.000194765,0.002786606,0.002786606,0.002786606,0.002786606,1,1,1,1,1,1,1,1
38,14,38_14,Bulk Chemical : Energy Use : Heat and Power : Renewables,Industrial,2102000000,0.011339809,0.011339809,0.011339809,0.011339809,0.09687001,0.09687001,0.09687001,0.09687001,0.012673012,0.012673012,0.012673012,0.012673012,0.006336506,0.006336506,0.006336506,0.006336506,0.00771107,0.00771107,0.00771107,0.00771107,0.275000296,0.275000296,0.275000296,0.275000296,0.000633651,0.000633651,0.000633651,0.000633651,0.001267301,0.001267301,0.001267301,0.001267301,1,1,1,1,1,1,1,1
38,9,38_9,Bulk Chemical : Energy Use : Heat and Power : Petroleum Coke,Industrial,2102000000,0.825331042,0.825331042,0.825331042,0.825331042,0.7710995,0.7710995,0.7710995,0.7710995,0.173766428,0.173766428,0.173766428,0.173766428,0.06659822,0.06659822,0.06659822,0.06659822,0.0011394,0.0011394,0.0011394,0.0011394,0.0136095,0.0136095,0.0136095,0.0136095,0.066450994,0.066450994,0.066450994,0.066450994,0.001997947,0.001997947,0.001997947,0.001997947,1,1,1,1,1,1,1,1
38,10,38_10,Bulk Chemical : Energy Use : Heat and Power : Other Petroleum,Industrial,2102000000,5.92E-08,5.92E-08,5.92E-08,5.92E-08,0.0695245,0.0695245,0.0695245,0.0695245,0.005573211,0.005573211,0.005573211,0.005573211,0.005573211,0.005573211,0.005573211,0.005573211,0.00247925,0.00247925,0.00247925,0.00247925,0.0094317,0.0094317,0.0094317,0.0094317,0.000194765,0.000194765,0.000194765,0.000194765,0.002786606,0.002786606,0.002786606,0.002786606,1,1,1,1,1,1,1,1
38,12,38_12,Bulk Chemical : Energy Use : Heat and Power : Natural Gas,Industrial,2102000000,0.000211,0.000210198,0.000210198,0.000210198,0.12027,0.081668587,0.081668587,0.081668587,0.0032705,0.003205159,0.003205159,0.003205159,0.0032705,0.003253654,0.003253654,0.003253654,0.002321,0.002231547,0.002231547,0.002231547,0.1520466,0.151948688,0.151948688,0.151948688,0.003350148,0.003350148,0.003350148,0.003350148,0.00163525,0.00163525,0.00163525,0.00163525,1,1,1,1,1,1,1,1
38,13,38_13,Bulk Chemical : Energy Use : Heat and Power : Steam Coal,Industrial,2102000000,0.903963115,0.903963115,0.903963115,0.903963115,0.3396045,0.3396045,0.3396045,0.3396045,0.173766428,0.173766428,0.173766428,0.173766428,0.06659822,0.06659822,0.06659822,0.06659822,0.001439976,0.001439976,0.001439976,0.001439976,0.102082243,0.102082243,0.102082243,0.102082243,0.066450994,0.066450994,0.066450994,0.066450994,0.008657769,0.008657769,0.008657769,0.008657769,1,1,1,1,1,1,1,1
39,5,39_5,Glass Industry : Energy Use : Residual Fuel Oil,Industrial,2102005000,0.247437405,0.247437405,0.247437405,0.247437405,0.16669,0.16669,0.16669,0.16669,0.050047438,0.050047438,0.050047438,0.050047438,0.032530835,0.032530835,0.032530835,0.032530835,0.000844,0.000844,0.000844,0.000844,0.0151498,0.0151498,0.0151498,0.0151498,0.004003795,0.004003795,0.004003795,0.004003795,0.016265417,0.016265417,0.016265417,0.016265417,1,1,1,1,1,1,1,1
39,6,39_6,Glass Industry : Energy Use : Distillate Fuel Oil,Industrial,2102004000,0.001401376,0.001401376,0.001401376,0.001401376,0.066131387,0.066131387,0.066131387,0.066131387,0.046308895,0.046308895,0.046308895,0.046308895,0.038036053,0.038036053,0.038036053,0.038036053,0.0006541,0.0006541,0.0006541,0.0006541,0.0163103,0.0163103,0.0163103,0.0163103,0.013892668,0.013892668,0.013892668,0.013892668,0.001141082,0.001141082,0.001141082,0.001141082,1,1,1,1,1,1,1,1
39,7,39_7,Glass Industry : Energy Use : Propane,Industrial,2102000000,5.92E-08,5.92E-08,5.92E-08,5.92E-08,0.0695245,0.0695245,0.0695245,0.0695245,0.005573211,0.005573211,0.005573211,0.005573211,0.005573211,0.005573211,0.005573211,0.005573211,0.00247925,0.00247925,0.00247925,0.00247925,0.0094317,0.0094317,0.0094317,0.0094317,0.000194765,0.000194765,0.000194765,0.000194765,0.002786606,0.002786606,0.002786606,0.002786606,1,1,1,1,1,1,1,1
39,9,39_9,Glass Industry : Energy Use : Natural Gas,Industrial,2102006000,0.000264485,0.000264485,0.000264485,0.000264485,0.061752678,0.061752678,0.061752678,0.061752678,0.003333159,0.003333159,0.003333159,0.003333159,0.003333159,0.003333159,0.003333159,0.003333159,0.002336287,0.002336287,0.002336287,0.002336287,0.03499417,0.03499417,0.03499417,0.03499417,0.00019999,0.00019999,0.00019999,0.00019999,0.000333316,0.000333316,0.000333316,0.000333316,1,1,1,1,1,1,1,1
39,10,39_10,Glass Industry : Energy Use : Steam Coal,Industrial,2102000000,0.903963115,0.903963115,0.903963115,0.903963115,0.3396045,0.3396045,0.3396045,0.3396045,0.173766428,0.173766428,0.173766428,0.173766428,0.06659822,0.06659822,0.06659822,0.06659822,0.001439976,0.001439976,0.001439976,0.001439976,0.102082243,0.102082243,0.102082243,0.102082243,0.066450994,0.066450994,0.066450994,0.066450994,0.008657769,0.008657769,0.008657769,0.008657769,1,1,1,1,1,1,1,1
40,5,40_5,Cement Industry : Energy Use : Distillate Fuel Oil,Industrial,2102004000,0.001401376,0.001401376,0.001401376,0.001401376,0.066131387,0.066131387,0.066131387,0.066131387,0.046308895,0.046308895,0.046308895,0.046308895,0.038036053,0.038036053,0.038036053,0.038036053,0.0006541,0.0006541,0.0006541,0.0006541,0.0163103,0.0163103,0.0163103,0.0163103,0.013892668,0.013892668,0.013892668,0.013892668,0.001141082,0.001141082,0.001141082,0.001141082,1,1,1,1,1,1,1,1
40,15,40_15,Cement Industry : Energy Use : Renewables,Industrial,2102000000,0.011339809,0.011339809,0.011339809,0.011339809,0.09687001,0.09687001,0.09687001,0.09687001,0.012673012,0.012673012,0.012673012,0.012673012,0.006336506,0.006336506,0.006336506,0.006336506,0.00771107,0.00771107,0.00771107,0.00771107,0.275000296,0.275000296,0.275000296,0.275000296,0.000633651,0.000633651,0.000633651,0.000633651,0.004182094,0.004182094,0.004182094,0.004182094,1,1,1,1,1,1,1,1
40,6,40_6,Cement Industry : Energy Use : Residual Fuel Oil,Industrial,2102005000,0.247437405,0.247437405,0.247437405,0.247437405,0.16669,0.16669,0.16669,0.16669,0.050047438,0.050047438,0.050047438,0.050047438,0.032530835,0.032530835,0.032530835,0.032530835,0.000844,0.000844,0.000844,0.000844,0.0151498,0.0151498,0.0151498,0.0151498,0.004003795,0.004003795,0.004003795,0.004003795,0.016265417,0.016265417,0.016265417,0.016265417,1,1,1,1,1,1,1,1
40,7,40_7,Cement Industry : Energy Use : Propane,Industrial,2102000000,5.92E-08,0.098989771,0.098989211,0.098988651,0.09899132,0.098936054,0.098936122,0.098936189,0.005573211,0.098968403,0.098970856,0.098973309,0.005573211,0.098955105,0.09896398,0.098972854,0.001891793,0.09895072,0.098952985,0.09895525,0.016828524,0.098985772,0.098989131,0.09899249,0.005573211,0.005573211,0.005573211,0.005573211,0.000278661,0.000278661,0.000278661,0.000278661,1,1,1,1,1,1,1,1
40,8,40_8,Cement Industry : Energy Use : Petroleum Coke,Industrial,2102009000,0.825331042,0.825331042,0.825331042,0.825331042,0.7710995,0.7710995,0.7710995,0.7710995,0.173766428,0.173766428,0.173766428,0.173766428,0.06659822,0.06659822,0.06659822,0.06659822,0.0011394,0.0011394,0.0011394,0.0011394,0.0136095,0.0136095,0.0136095,0.0136095,0.066450994,0.066450994,0.066450994,0.066450994,0.001997947,0.001997947,0.001997947,0.001997947,1,1,1,1,1,1,1,1
40,9,40_9,Cement Industry : Energy Use : Other Petroleum,Industrial,2102007000,5.92E-08,0.098989771,0.098989211,0.098988651,0.09899132,0.098936054,0.098936122,0.098936189,0.005573211,0.098968403,0.098970856,0.098973309,0.005573211,0.098955105,0.09896398,0.098972854,0.001891793,0.09895072,0.098952985,0.09895525,0.016828524,0.098985772,0.098989131,0.09899249,0.005573211,0.005573211,0.005573211,0.005573211,0.000278661,0.000278661,0.000278661,0.000278661,1,1,1,1,1,1,1,1
40,11,40_11,Cement Industry : Energy Use : Natural Gas,Industrial,2102006000,0.000264485,0.000264485,0.000264485,0.000264485,0.061752678,0.061752678,0.061752678,0.061752678,0.003333159,0.003333159,0.003333159,0.003333159,0.003333159,0.003333159,0.003333159,0.003333159,0.002336287,0.002336287,0.002336287,0.002336287,0.03499417,0.03499417,0.03499417,0.03499417,0.00019999,0.00019999,0.00019999,0.00019999,0.000333316,0.000333316,0.000333316,0.000333316,1,1,1,1,1,1,1,1
40,12,40_12,Cement Industry : Energy Use : Steam Coal,Industrial,2102000000,0.903963115,0.903963115,0.903963115,0.903963115,0.3396045,0.3396045,0.3396045,0.3396045,0.173766428,0.173766428,0.173766428,0.173766428,0.06659822,0.06659822,0.06659822,0.06659822,0.001439976,0.001439976,0.001439976,0.001439976,0.102082243,0.102082243,0.102082243,0.102082243,0.066450994,0.066450994,0.066450994,0.066450994,0.008657769,0.008657769,0.008657769,0.008657769,1,1,1,1,1,1,1,1
40,13,40_13,Cement Industry : Energy Use : Metallurgical Coal,Industrial,2102000000,0.903963115,0.903963115,0.903963115,0.903963115,0.3396045,0.3396045,0.3396045,0.3396045,0.173766428,0.173766428,0.173766428,0.173766428,0.06659822,0.06659822,0.06659822,0.06659822,0.001439976,0.001439976,0.001439976,0.001439976,0.102082243,0.102082243,0.102082243,0.102082243,0.066450994,0.066450994,0.066450994,0.066450994,0.008657769,0.008657769,0.008657769,0.008657769,1,1,1,1,1,1,1,1
41,5,41_5,Iron and Steel : Energy Use : Distillate Fuel Oil,Industrial,2102004000,0.001401376,0.001397246,0.001397246,0.001397246,0.05922084,0.052042631,0.052042631,0.052042631,0.008050843,0.007973159,0.007973159,0.007973159,0.005459143,0.005398581,0.005398581,0.005398581,0.000654107,0.000650068,0.000650068,0.000650068,0.016352686,0.016352686,0.016352686,0.016352686,0.005459143,0.005459143,0.005459143,0.005459143,0.000491323,0.000491323,0.000491323,0.000491323,1,1,1,1,1,1,1,1
41,6,41_6,Iron and Steel : Energy Use : Residual Fuel Oil,Industrial,2102005000,0,0.242241623,0.242241623,0.242241623,0,0.118463309,0.118463309,0.118463309,0,0.008911236,4.90E-05,4.90E-05,0,0.007079551,3.89E-05,3.89E-05,0,0.000802396,0.000802396,0.000802396,0,0.015149597,0.015149597,0.015149597,0.007180489,0.007180489,0.007180489,0.007180489,0.000215415,0.000215415,0.000215415,0.000215415,1,1,1,1,1,1,1,1
41,7,41_7,Iron and Steel : Energy Use : Propane,Industrial,2102000000,5.92E-08,5.92E-08,5.92E-08,5.92E-08,0.0695245,0.0695245,0.0695245,0.0695245,0.005573211,0.005573211,0.005573211,0.005573211,0.005573211,0.005573211,0.005573211,0.005573211,0.00247925,0.00247925,0.00247925,0.00247925,0.0094317,0.0094317,0.0094317,0.0094317,0.000194765,0.000194765,0.000194765,0.000194765,0.002786606,0.002786606,0.002786606,0.002786606,1,1,1,1,1,1,1,1
41,8,41_8,Iron and Steel : Energy Use : Other Petroleum,Industrial,2102007000,5.92E-08,0.098989771,0.098989211,0.098988651,0.09899132,0.098936054,0.098936122,0.098936189,0.005573211,0.098968403,0.098970856,0.098973309,0.005573211,0.098955105,0.09896398,0.098972854,0.001891793,0.09895072,0.098952985,0.09895525,0.016828524,0.098985772,0.098989131,0.09899249,0.005573211,0.005573211,0.005573211,0.005573211,0.000278661,0.000278661,0.000278661,0.000278661,1,1,1,1,1,1,1,1
41,10,41_10,Iron and Steel : Energy Use : Natural Gas,Industrial,2102006000,0.000211,0.000210198,0.000210198,0.000210198,0.12027,0.095935278,0.095935278,0.095935278,0.0032705,0.002468285,0.002468285,0.002468285,0.0032705,0.002505631,0.002505631,0.002505631,0.002321,0.002231547,0.002231547,0.002231547,0.1520466,0.151948688,0.151948688,0.151948688,0.003350148,0.003350148,0.003350148,0.003350148,0.00163525,0.00163525,0.00163525,0.00163525,1,1,1,1,1,1,1,1
41,11,41_11,Iron and Steel : Energy Use : Metallurgical Coal,Industrial,2102000000,0.903963115,0.903963115,0.903963115,0.903963115,0.3396045,0.3396045,0.3396045,0.3396045,0.173766428,0.173766428,0.173766428,0.173766428,0.06659822,0.06659822,0.06659822,0.06659822,0.001439976,0.001439976,0.001439976,0.001439976,0.102082243,0.102082243,0.102082243,0.102082243,0.066450994,0.066450994,0.066450994,0.066450994,0.008657769,0.008657769,0.008657769,0.008657769,1,1,1,1,1,1,1,1
41,12,41_12,Iron and Steel : Energy Use : Net Coke Imports,Industrial,2102009000,0.825331042,0.825331042,0.825331042,0.825331042,0.7710995,0.7710995,0.7710995,0.7710995,0.173766428,0.173766428,0.173766428,0.173766428,0.06659822,0.06659822,0.06659822,0.06659822,0.0011394,0.0011394,0.0011394,0.0011394,0.0136095,0.0136095,0.0136095,0.0136095,0.066450994,0.066450994,0.066450994,0.066450994,0.001997947,0.001997947,0.001997947,0.001997947,1,1,1,1,1,1,1,1
41,13,41_13,Iron and Steel : Energy Use : Steam Coal,Industrial,2102000000,0.903963115,0.903963115,0.903963115,0.903963115,0.3396045,0.3396045,0.3396045,0.3396045,0.173766428,0.173766428,0.173766428,0.173766428,0.06659822,0.06659822,0.06659822,0.06659822,0.001439976,0.001439976,0.001439976,0.001439976,0.102082243,0.102082243,0.102082243,0.102082243,0.066450994,0.066450994,0.066450994,0.066450994,0.008657769,0.008657769,0.008657769,0.008657769,1,1,1,1,1,1,1,1
42,5,42_5,Aluminum Industry : Energy Use : Residual Fuel Oil,Industrial,2102005000,0.247437405,0.247437405,0.247437405,0.247437405,0.884704583,0.884704583,0.884704583,0.884704583,0.089654981,0.089654981,0.089654981,0.089654981,0.080689483,0.080689483,0.080689483,0.080689483,0.09866352,0.09866352,0.09866352,0.09866352,0.361338501,0.361338501,0.361338501,0.361338501,0.026896494,0.026896494,0.026896494,0.026896494,0.002420684,0.002420684,0.002420684,0.002420684,1,1,1,1,1,1,1,1
42,6,42_6,Aluminum Industry : Energy Use : Distillate Fuel Oil,Industrial,2102004000,0.001401376,0.083542537,0.08354244,0.083542344,0.083542187,0.083519023,0.083519047,0.083519071,0.01229722,0.083540443,0.083540972,0.083541501,0.006263079,0.083541405,0.083542247,0.08354309,0.001288221,0.08351186,0.083534249,0.083556638,0.017209312,0.083542623,0.08354272,0.083542817,0.006263079,0.006263079,0.006263079,0.006263079,0.003131539,0.003131539,0.003131539,0.003131539,1,1,1,1,1,1,1,1
42,7,42_7,Aluminum Industry : Energy Use : Propane,Industrial,2102000000,5.92E-08,5.92E-08,5.92E-08,5.92E-08,0.0695245,0.0695245,0.0695245,0.0695245,0.005573211,0.005573211,0.005573211,0.005573211,0.005573211,0.005573211,0.005573211,0.005573211,0.00247925,0.00247925,0.00247925,0.00247925,0.0094317,0.0094317,0.0094317,0.0094317,0.000194765,0.000194765,0.000194765,0.000194765,0.002786606,0.002786606,0.002786606,0.002786606,1,1,1,1,1,1,1,1
42,8,42_8,Aluminum Industry : Energy Use : Petroleum Coke,Industrial,2102009000,0.825331042,0.825331042,0.825331042,0.825331042,0.7710995,0.7710995,0.7710995,0.7710995,0.173766428,0.173766428,0.173766428,0.173766428,0.06659822,0.06659822,0.06659822,0.06659822,0.0011394,0.0011394,0.0011394,0.0011394,0.0136095,0.0136095,0.0136095,0.0136095,0.066450994,0.066450994,0.066450994,0.066450994,0.001997947,0.001997947,0.001997947,0.001997947,1,1,1,1,1,1,1,1
42,11,42_11,Aluminum Industry : Energy Use : Natural Gas,Industrial,2102006000,0.000211,0.000210198,0.000210198,0.000210198,0.12027,0.067433056,0.067433056,0.067433056,0.0032705,0.003205159,0.003205159,0.003205159,0.0032705,0.003253654,0.003253654,0.003253654,0.002321,0.002231547,0.002231547,0.002231547,0.1520466,0.151948688,0.151948688,0.151948688,0.003350148,0.003350148,0.003350148,0.003350148,0.00163525,0.00163525,0.00163525,0.00163525,1,1,1,1,1,1,1,1
42,12,42_12,Aluminum Industry : Energy Use : Steam Coal,Industrial,2102000000,0.903963115,0.822031226,0.822031226,0.822031226,0.32705,0.267062145,0.267062145,0.267062145,0.173766428,0.115422244,0.115422244,0.115422244,0.06659822,0.04791882,0.04791882,0.04791882,0.001439976,0.001391245,0.001391245,0.001391245,0.079547,0.079450695,0.079450695,0.079450695,0.066450994,0.066450994,0.066450994,0.066450994,0.003329911,0.003329911,0.003329911,0.003329911,1,1,1,1,1,1,1,1
43,4,43_4,Nonmanufacturing : Energy Use : Agriculture : Residual Fuel Oil,Industrial,2102005000,0.23179318,0.23179318,0.23179318,0.23179318,0.190880449,0.190880449,0.190880449,0.190880449,0.025777615,0.025777615,0.025777615,0.025777615,0.019172327,0.019172327,0.019172327,0.019172327,0.00971915,0.00971915,0.00971915,0.00971915,0,0,0,0,0,0,0,0,0,0,0,0,1,1,1,1,1,1,1,1
43,5,43_5,Nonmanufacturing : Energy Use : Agriculture : Distillate Fuel Oil,Industrial,2102004000,0.015088301,0.015088301,0.015088301,0.015088301,0.045024528,0.045024528,0.045024528,0.045024528,0.016603229,0.016603229,0.016603229,0.016603229,0.015738222,0.015738222,0.015738222,0.015738222,0.014467831,0.014467831,0.014467831,0.014467831,0.016638228,0.029790673,0.027551026,0.027551044,0.005593132,0.005593132,0.005593132,0.005593132,0.000931359,0.000931359,0.000931359,0.000931359,1,1,1,1,1,1,1,1
43,6,43_6,Nonmanufacturing : Energy Use : Agriculture : Propane,Industrial,2102000000,0.020480458,0.020480458,0.020480458,0.020480458,0.421816864,0.421816864,0.421816864,0.421816864,0.025044596,0.025044596,0.025044596,0.025044596,0.025058874,0.025058874,0.025058874,0.025058874,0.032948818,0.032948818,0.032948818,0.032948818,0.034246628,0.135364368,0.121577516,0.121578293,0.003004183,0.003004183,0.003004183,0.003004183,0.002326626,0.002326626,0.002326626,0.002326626,1,1,1,1,1,1,1,1
43,7,43_7,Nonmanufacturing : Energy Use : Agriculture : Motor Gasoline,Industrial,2102000000,1.40E-06,8.35E-05,8.35E-05,8.35E-05,8.35E-05,8.35E-05,8.35E-05,8.35E-05,1.23E-05,8.35E-05,8.35E-05,8.35E-05,6.26E-06,8.35E-05,8.35E-05,8.35E-05,1.29E-06,8.35E-05,8.35E-05,8.36E-05,1.72E-05,8.35E-05,8.35E-05,8.35E-05,6.26E-06,6.26E-06,6.26E-06,6.26E-06,3.13E-06,3.13E-06,3.13E-06,3.13E-06,1,1,1,1,1,1,1,1
43,8,43_8,Nonmanufacturing : Energy Use : Agriculture : Other Petroleum,Industrial,2102007000,0.098988651,0.098988651,0.098988651,0.098988651,0.098936189,0.098936189,0.098936189,0.098936189,0.098973309,0.098973309,0.098973309,0.098973309,0.098972854,0.098972854,0.098972854,0.098972854,0.09895525,0.09895525,0.09895525,0.09895525,0,0,0,0,0,0,0,0,0,0,0,0,1,1,1,1,1,1,1,1
43,10,43_10,Nonmanufacturing : Energy Use : Agriculture : Natural Gas,Industrial,2102006000,0.003889792,0.003889792,0.003889792,0.003889792,0.142795357,0.142795357,0.142795357,0.142795357,0.006921384,0.006921384,0.006921384,0.006921384,0.006939858,0.006939858,0.006939858,0.006939858,0.014118177,0.014118177,0.014118177,0.014118177,0,0,0,0,0,0,0,0,0,0,0,0,1,1,1,1,1,1,1,1
43,11,43_11,Nonmanufacturing : Energy Use : Agriculture : Steam Coal,Industrial,2102000000,0.48882367,0.48882367,0.48882367,0.48882367,0.270579825,0.270579825,0.270579825,0.270579825,0.084332885,0.084332885,0.084332885,0.084332885,0.042261174,0.042261174,0.042261174,0.042261174,0.015425389,0.015425389,0.015425389,0.015425389,0,0,0,0,0,0,0,0,0,0,0,0,1,1,1,1,1,1,1,1
43,12,43_12,Nonmanufacturing : Energy Use : Agriculture : Renewables,Industrial,2102000000,0.011339809,0.011339809,0.011339809,0.011339809,0.09687001,0.09687001,0.09687001,0.09687001,0.012673012,0.012673012,0.012673012,0.012673012,0.006336506,0.006336506,0.006336506,0.006336506,0.00771107,0.00771107,0.00771107,0.00771107,0.275000296,0.275000296,0.275000296,0.275000296,0.000633651,0.000633651,0.000633651,0.000633651,0.004182094,0.004182094,0.004182094,0.004182094,1,1,1,1,1,1,1,1
43,17,43_17,Nonmanufacturing : Energy Use : Construction : Distillate Fuel Oil,Industrial,2102004000,0.015088301,0.015088301,0.015088301,0.015088301,0.045024528,0.045024528,0.045024528,0.045024528,0.016603229,0.016603229,0.016603229,0.016603229,0.015738222,0.015738222,0.015738222,0.015738222,0.014467831,0.014467831,0.014467831,0.014467831,0.016638228,0.029790673,0.027551026,0.027551044,0.005593132,0.005593132,0.005593132,0.005593132,0.000931359,0.000931359,0.000931359,0.000931359,1,1,1,1,1,1,1,1
43,18,43_18,Nonmanufacturing : Energy Use : Construction : Propane,Industrial,2102000000,0.020480458,0.020480458,0.020480458,0.020480458,0.421816864,0.421816864,0.421816864,0.421816864,0.025044596,0.025044596,0.025044596,0.025044596,0.025058874,0.025058874,0.025058874,0.025058874,0.032948818,0.032948818,0.032948818,0.032948818,0.034246628,0.135364368,0.121577516,0.121578293,0.003004183,0.003004183,0.003004183,0.003004183,0.002326626,0.002326626,0.002326626,0.002326626,1,1,1,1,1,1,1,1
43,19,43_19,Nonmanufacturing : Energy Use : Construction : Motor Gasoline,Industrial,2102000000,1.40E-06,8.35E-05,8.35E-05,8.35E-05,8.35E-05,8.35E-05,8.35E-05,8.35E-05,1.23E-05,8.35E-05,8.35E-05,8.35E-05,6.26E-06,8.35E-05,8.35E-05,8.35E-05,1.29E-06,8.35E-05,8.35E-05,8.36E-05,1.72E-05,8.35E-05,8.35E-05,8.35E-05,6.26E-06,6.26E-06,6.26E-06,6.26E-06,3.13E-06,3.13E-06,3.13E-06,3.13E-06,1,1,1,1,1,1,1,1
43,21,43_21,Nonmanufacturing : Energy Use : Construction : Other Petroleum,Industrial,2102007000,0.098988651,0.098988651,0.098988651,0.098988651,0.098936189,0.098936189,0.098936189,0.098936189,0.098973309,0.098973309,0.098973309,0.098973309,0.098972854,0.098972854,0.098972854,0.098972854,0.09895525,0.09895525,0.09895525,0.09895525,0,0,0,0,0,0,0,0,0,0,0,0,1,1,1,1,1,1,1,1
43,23,43_23,Nonmanufacturing : Energy Use : Construction : Natural Gas,Industrial,2102006000,0.003889792,0.003889792,0.003889792,0.003889792,0.142795357,0.142795357,0.142795357,0.142795357,0.006921384,0.006921384,0.006921384,0.006921384,0.006939858,0.006939858,0.006939858,0.006939858,0.014118177,0.014118177,0.014118177,0.014118177,0,0,0,0,0,0,0,0,0,0,0,0,1,1,1,1,1,1,1,1
43,28,43_28,Nonmanufacturing : Energy Use : Mining : Residual Fuel Oil,Industrial,2102005000,0.23179318,0.23179318,0.23179318,0.23179318,0.190880449,0.190880449,0.190880449,0.190880449,0.025777615,0.025777615,0.025777615,0.025777615,0.019172327,0.019172327,0.019172327,0.019172327,0.00971915,0.00971915,0.00971915,0.00971915,0,0,0,0,0,0,0,0,0,0,0,0,1,1,1,1,1,1,1,1
43,29,43_29,Nonmanufacturing : Energy Use : Mining : Distillate Fuel Oil,Industrial,2102004000,0.015088301,0.015088301,0.015088301,0.015088301,0.045024528,0.045024528,0.045024528,0.045024528,0.016603229,0.016603229,0.016603229,0.016603229,0.015738222,0.015738222,0.015738222,0.015738222,0.014467831,0.014467831,0.014467831,0.014467831,0.016638228,0.029790673,0.027551026,0.027551044,0.005593132,0,0,0,0.000931359,0,0,0,1,1,1,1,1,1,1,1
43,30,43_30,Nonmanufacturing : Energy Use : Mining : Motor Gasoline,Industrial,2102000000,1.40E-06,8.35E-05,8.35E-05,8.35E-05,8.35E-05,8.35E-05,8.35E-05,8.35E-05,1.23E-05,8.35E-05,8.35E-05,8.35E-05,6.26E-06,8.35E-05,8.35E-05,8.35E-05,1.29E-06,8.35E-05,8.35E-05,8.36E-05,1.72E-05,8.35E-05,8.35E-05,8.35E-05,6.26E-06,6.26E-06,6.26E-06,6.26E-06,3.13E-06,3.13E-06,3.13E-06,3.13E-06,1,1,1,1,1,1,1,1
43,31,43_31,Nonmanufacturing : Energy Use : Mining : Other Petroleum,Industrial,2102007000,0.098988651,0.098988651,0.098988651,0.098988651,0.098936189,0.098936189,0.098936189,0.098936189,0.098973309,0.098973309,0.098973309,0.098973309,0.098972854,0.098972854,0.098972854,0.098972854,0.09895525,0.09895525,0.09895525,0.09895525,0,0,0,0,0,0,0,0,0,0,0,0,1,1,1,1,1,1,1,1
43,33,43_33,Nonmanufacturing : Energy Use : Mining : Natural Gas,Industrial,2102006000,0.003889792,0.003889792,0.003889792,0.003889792,0.142795357,0.142795357,0.142795357,0.142795357,0.006921384,0.006921384,0.006921384,0.006921384,0.006939858,0.006939858,0.006939858,0.006939858,0.014118177,0.014118177,0.014118177,0.014118177,0,0,0,0,0,0,0,0,0,0,0,0,1,1,1,1,1,1,1,1
43,35,43_35,Nonmanufacturing : Energy Use : Mining : Steam Coal,Industrial,2102000000,0.48882367,0.48882367,0.48882367,0.48882367,0.270579825,0.270579825,0.270579825,0.270579825,0.084332885,0.084332885,0.084332885,0.084332885,0.042261174,0.042261174,0.042261174,0.042261174,0.015425389,0.015425389,0.015425389,0.015425389,0,0,0,0,0,0,0,0,0,0,0,0,1,1,1,1,1,1,1,1
43,36,43_36,Nonmanufacturing : Energy Use : Mining : Renewables,Industrial,2102000000,0.010329843,0.010329843,0.010329843,0.010329843,0.048941143,0.048941143,0.048941143,0.048941143,0.002171858,0.002171858,0.002171858,0.002171858,0.001149612,0.001149612,0.001149612,0.001149612,0.004577278,0.004577278,0.004577278,0.004577278,0.275000296,0.313944707,0.222748439,0.222748439,0.000633651,0,0,0,0.001128729,0,0,0,1,1,1,1,1,1,1,1
62,131,62_131,Electricity : Fuel Use : Coal,Electricity-Coal,2101000000,325,325,325,75,116,116,116,116,28.84,28.84,28.84,22.42159193,20.28,20.28,20.28,16.93120212,1.495106153,1.495106153,1.495106153,1.495106153,12.41788167,12.41788167,12.41788167,12.41788167,0.87,0.87,0.87,0.73,1.64,1.64,1.64,1.37,1,1,1,1,1,1,1,1
62,132,62_132,Electricity : Fuel Use : Natural Gas,Electricity-Ngas,2101000000,0.61,0.61,0.61,0.61,17.43,17.43,17.43,17.43,0.133009444,0.133009444,0.133009444,0.133009444,0.133009444,0.133009444,0.133009444,0.133009444,1.06,1.06,1.06,1.06,14.53403192,14.53403192,14.53403192,14.53403192,0,0,0,0,0.090446422,0.090446422,0.090446422,0.090446422,1,1,1,1,1,1,1,1
62,133,62_133,Electricity : Fuel Use : Oil,Electricity-Oil,2101004000,81.3267742,81.3267742,43.96312138,32.80232897,256.4302065,256.4302065,256.4302065,256.4302065,25.94584215,25.94584215,25.94584215,25.94584215,6.574466787,6.574466787,6.574466787,6.574466787,0.258018319,0.258018319,0.258018319,0.258018319,1.560110768,1.560110768,1.560110768,1.560110768,0.394468007,0.394468007,0.394468007,0.394468007,0.262978671,0.262978671,0.262978671,0.262978671,1,1,1,1,1,1,1,1
140,4,140_4,Other Manufacturing : Wood Products : Use : Propane,Industrial,2102000000,0.020480458,0.020480458,0.020480458,0.020480458,0.421816864,0.421816864,0.421816864,0.421816864,0.025044596,0.025044596,0.025044596,0.025044596,0.025058874,0.025058874,0.025058874,0.025058874,0.032948818,0.032948818,0.032948818,0.032948818,0.034246628,0.135364368,0.121577516,0.121578293,0.003004183,0,0,0,0.002326626,0,0,0,1,1,1,1,1,1,1,1
140,5,140_5,Other Manufacturing : Wood Products : Use : Distillate Fuel Oil,Industrial,2102004000,0.015088301,0.015088301,0.015088301,0.015088301,0.045024528,0.045024528,0.045024528,0.045024528,0.016603229,0.016603229,0.016603229,0.016603229,0.015738222,0.015738222,0.015738222,0.015738222,0.014467831,0.014467831,0.014467831,0.014467831,0.016638228,0.029790673,0.027551026,0.027551044,0.005593132,0,0,0,0.000931359,0,0,0,1,1,1,1,1,1,1,1
140,6,140_6,Other Manufacturing : Wood Products : Use : Residual Fuel Oil,Industrial,2102005000,0.23179318,0.23179318,0.23179318,0.23179318,0.190880449,0.190880449,0.190880449,0.190880449,0.025777615,0.025777615,0.025777615,0.025777615,0.019172327,0.019172327,0.019172327,0.019172327,0.00971915,0.00971915,0.00971915,0.00971915,0,0,0,0,0,0,0,0,0,0,0,0,1,1,1,1,1,1,1,1
140,11,140_11,Other Manufacturing : Wood Products : Use : Renewables,Industrial,2102000000,0.008661759,0.008661759,0.008661759,0.008661759,0.045844578,0.045844578,0.045844578,0.045844578,0.002452714,0.002452714,0.002452714,0.002452714,0.001267721,0.001267721,0.001267721,0.001267721,0.00423262,0.00423262,0.00423262,0.00423262,0.13065695,0.211616886,0.165096452,0.165096452,0.000633651,0,0,0,0.00114935,0,0,0,1,1,1,1,1,1,1,1
140,23,140_23,Other Manufacturing : Plastics : Use : Renewables,Industrial,2102000000,0.010329843,0.010329843,0.010329843,0.010329843,0.048941143,0.048941143,0.048941143,0.048941143,0.002171858,0.002171858,0.002171858,0.002171858,0.001149612,0.001149612,0.001149612,0.001149612,0.004577278,0.004577278,0.004577278,0.004577278,0.275000296,0.317049027,0.223262068,0.223262068,0.000633651,0,0,0,0.001181471,0,0,0,1,1,1,1,1,1,1,1
140,37,140_37,Other Manufacturing : Balance of Manufacturing : Use : Renewables,Industrial,2102000000,0.010329843,0.010329843,0.010329843,0.010329843,0.048941143,0.048941143,0.048941143,0.048941143,0.002171858,0.002171858,0.002171858,0.002171858,0.001149612,0.001149612,0.001149612,0.001149612,0.004577278,0.004577278,0.004577278,0.004577278,0.275000296,0.317049027,0.223262068,0.223262068,0.000633651,0,0,0,0.001181471,0,0,0,1,1,1,1,1,1,1,1
140,8,140_8,Other Manufacturing : Wood Products : Use : Natural Gas,Industrial,2102006000,0.003889792,0.003889792,0.003889792,0.003889792,0.142795357,0.142795357,0.142795357,0.142795357,0.006921384,0.006921384,0.006921384,0.006921384,0.006939858,0.006939858,0.006939858,0.006939858,0.014118177,0.014118177,0.014118177,0.014118177,0,0,0,0,0,0,0,0,0,0,0,0,1,1,1,1,1,1,1,1
140,9,140_9,Other Manufacturing : Wood Products : Use : Steam Coal,Industrial,2102000000,0.48882367,0.48882367,0.48882367,0.48882367,0.270579825,0.270579825,0.270579825,0.270579825,0.084332885,0.084332885,0.084332885,0.084332885,0.042261174,0.042261174,0.042261174,0.042261174,0.015425389,0.015425389,0.015425389,0.015425389,0,0,0,0,0,0,0,0,0,0,0,0,1,1,1,1,1,1,1,1
140,16,140_16,Other Manufacturing : Plastics : Use : Propane,Industrial,2102000000,5.92E-08,5.92E-08,5.92E-08,5.92E-08,0.0695245,0.0695245,0.0695245,0.0695245,0.005573211,0.005573211,0.005573211,0.005573211,0.005573211,0.005573211,0.005573211,0.005573211,0.00247925,0.00247925,0.00247925,0.00247925,0.0094317,0.0094317,0.0094317,0.0094317,0.000194765,0,0,0,0.002786606,0,0,0,1,1,1,1,1,1,1,1
140,17,140_17,Other Manufacturing : Plastics : Use : Distillate Fuel Oil,Industrial,2102004000,0.001398623,0.001398623,0.001398623,0.001398623,0.055382602,0.055382602,0.055382602,0.055382602,0.018108635,0.018108635,0.018108635,0.018108635,0.014488109,0.014488109,0.014488109,0.014488109,0.000651412,0.000651412,0.000651412,0.000651412,0.0163103,0.016338557,0.016338557,0.016338557,0.028600935,0,0,0,0.001874337,0,0,0,1,1,1,1,1,1,1,1
140,18,140_18,Other Manufacturing : Plastics : Use : Residual Fuel Oil,Industrial,2102005000,0.244319936,0.244319936,0.244319936,0.244319936,0.13695074,0.13695074,0.13695074,0.13695074,0.023593272,0.023593272,0.023593272,0.023593272,0.014436032,0.014436032,0.014436032,0.014436032,0.000658558,0.000658558,0.000658558,0.000658558,0.015150203,0.015149678,0.015149678,0.015149679,0.017763912,0,0,0,0.007390454,0,0,0,1,1,1,1,1,1,1,1
140,20,140_20,Other Manufacturing : Plastics : Use : Natural Gas,Industrial,2102006000,0.003503128,0.003503128,0.003503128,0.003503128,0.14039201,0.14039201,0.14039201,0.14039201,0.006530708,0.006530708,0.006530708,0.006530708,0.006547498,0.006547498,0.006547498,0.006547498,0.013547475,0.013547475,0.013547475,0.013547475,0.200775656,0.204586088,0.191426741,0.203025618,0.001508314,0,0,0,0.001683928,0,0,0,1,1,1,1,1,1,1,1
140,21,140_21,Other Manufacturing : Plastics : Use : Steam Coal,Industrial,2102000000,0.250348379,0.250348379,0.250348379,0.250348379,0.211716266,0.211716266,0.211716266,0.211716266,0.020041156,0.020041156,0.020041156,0.020041156,0.008145722,0.008145722,0.008145722,0.008145722,0.000272455,0.000272455,0.000272455,0.000272455,0.079547,0.156590939,0.05583298,0.05583298,0.066450994,0,0,0,0.003100403,0,0,0,1,1,1,1,1,1,1,1
140,28,140_28,Other Manufacturing : Balance of Manufacturing : Use : Propane,Industrial,2102000000,0.020480458,0.020480458,0.020480458,0.020480458,0.421816864,0.421816864,0.421816864,0.421816864,0.025044596,0.025044596,0.025044596,0.025044596,0.025058874,0.025058874,0.025058874,0.025058874,0.032948818,0.032948818,0.032948818,0.032948818,0.034246628,0.135364368,0.121577516,0.121578293,0.003004183,0,0,0,0.002326626,0,0,0,1,1,1,1,1,1,1,1
140,29,140_29,Other Manufacturing : Balance of Manufacturing : Use : Distillate Fuel Oil,Industrial,2102004000,0.079825688,0.079825688,0.079825688,0.079825688,1.031649635,1.031649635,1.031649635,1.031649635,0.067981938,0.067981938,0.067981938,0.067981938,0.059362768,0.059362768,0.059362768,0.059362768,0.04965881,0.04965881,0.04965881,0.04965881,0.355019511,0.355019511,0.355019511,0.355019511,0.000293078,0,0,0,0.001775683,0,0,0,1,1,1,1,1,1,1,1
140,30,140_30,Other Manufacturing : Balance of Manufacturing : Use : Residual Fuel Oil,Industrial,2102005000,0.247437405,0.247437405,0.247437405,0.247437405,0.16669,0.16669,0.16669,0.16669,0.050047438,0.050047438,0.050047438,0.050047438,0.032530835,0.032530835,0.032530835,0.032530835,0.000844,0.000844,0.000844,0.000844,0.0151498,0.0151498,0.0151498,0.0151498,0.004003795,0,0,0,0.016265417,0,0,0,1,1,1,1,1,1,1,1
140,31,140_31,Other Manufacturing : Balance of Manufacturing : Use : Petroleum Coke,Industrial,2102009000,0.825331042,0.825331042,0.825331042,0.825331042,0.7710995,0.7710995,0.7710995,0.7710995,0.173766428,0.173766428,0.173766428,0.173766428,0.06659822,0.06659822,0.06659822,0.06659822,0.0011394,0.0011394,0.0011394,0.0011394,0.0136095,0.0136095,0.0136095,0.0136095,0.066450994,0,0,0,0.001997947,0,0,0,1,1,1,1,1,1,1,1
140,35,140_35,Other Manufacturing : Balance of Manufacturing : Use : Steam Coal,Industrial,2102000000,0.903963115,0.903963115,0.903963115,0.903963115,0.3396045,0.3396045,0.3396045,0.3396045,0.173766428,0.173766428,0.173766428,0.173766428,0.06659822,0.06659822,0.06659822,0.06659822,0.001439976,0.001439976,0.001439976,0.001439976,0.072591329,0.072591329,0.072591329,0.072591329,0.066450994,0,0,0,0.006881816,0,0,0,1,1,1,1,1,1,1,1
140,34,140_34,Other Manufacturing : Balance of Manufacturing : Use : Natural Gas,Industrial,2102006000,0.000264485,0.000264485,0.000264485,0.000264485,0.223191821,0.223191821,0.223191821,0.223191821,0.00488463,0.00488463,0.00488463,0.00488463,0.00488463,0.00488463,0.00488463,0.00488463,0.024470231,0.024470231,0.024470231,0.024470231,0.355019511,0.355019511,0.355019511,0.355019511,0.000293078,0,0,0,0.001775683,0,0,0,1,1,1,1,1,1,1,1
