County,State,CenReg,CenDiv,EMMReg
1001,1,3,6,14
1003,1,3,6,14
1005,1,3,6,14
1007,1,3,6,15
1009,1,3,6,14
1011,1,3,6,14
1013,1,3,6,14
1015,1,3,6,14
1017,1,3,6,14
1019,1,3,6,15
1021,1,3,6,14
1023,1,3,6,14
1025,1,3,6,14
1027,1,3,6,14
1029,1,3,6,14
1031,1,3,6,14
1033,1,3,6,15
1035,1,3,6,14
1037,1,3,6,14
1039,1,3,6,14
1041,1,3,6,14
1043,1,3,6,15
1045,1,3,6,14
1047,1,3,6,14
1049,1,3,6,15
1051,1,3,6,14
1053,1,3,6,14
1055,1,3,6,14
1057,1,3,6,14
1059,1,3,6,15
1061,1,3,6,14
1063,1,3,6,14
1065,1,3,6,14
1067,1,3,6,14
1069,1,3,6,14
1071,1,3,6,15
1073,1,3,6,14
1075,1,3,6,14
1077,1,3,6,15
1079,1,3,6,15
1081,1,3,6,14
1083,1,3,6,15
1085,1,3,6,14
1087,1,3,6,14
1089,1,3,6,15
1091,1,3,6,14
1093,1,3,6,14
1095,1,3,6,15
1097,1,3,6,14
1099,1,3,6,14
1101,1,3,6,14
1103,1,3,6,15
1105,1,3,6,14
1107,1,3,6,15
1109,1,3,6,14
1111,1,3,6,14
1113,1,3,6,14
1115,1,3,6,14
1117,1,3,6,14
1119,1,3,6,15
1121,1,3,6,14
1123,1,3,6,14
1125,1,3,6,14
1127,1,3,6,14
1129,1,3,6,14
1131,1,3,6,14
1133,1,3,6,14
4001,4,4,4,21
4003,4,4,4,19
4005,4,4,4,19
4007,4,4,4,19
4009,4,4,4,19
4011,4,4,4,19
4012,4,4,4,19
4013,4,4,4,19
4015,4,4,4,19
4017,4,4,4,21
4019,4,4,4,19
4021,4,4,4,19
4023,4,4,4,19
4025,4,4,4,19
4027,4,4,4,19
5001,5,3,7,12
5003,5,3,7,12
5005,5,3,7,12
5007,5,3,7,18
5009,5,3,7,12
5011,5,3,7,12
5013,5,3,7,12
5015,5,3,7,12
5017,5,3,7,12
5019,5,3,7,12
5021,5,3,7,12
5023,5,3,7,12
5025,5,3,7,12
5027,5,3,7,12
5029,5,3,7,12
5031,5,3,7,12
5033,5,3,7,12
5035,5,3,7,12
5037,5,3,7,12
5039,5,3,7,12
5041,5,3,7,12
5043,5,3,7,12
5045,5,3,7,12
5047,5,3,7,18
5049,5,3,7,12
5051,5,3,7,12
5053,5,3,7,12
5055,5,3,7,12
5057,5,3,7,12
5059,5,3,7,12
5061,5,3,7,18
5063,5,3,7,12
5065,5,3,7,12
5067,5,3,7,12
5069,5,3,7,12
5071,5,3,7,18
5073,5,3,7,12
5075,5,3,7,12
5077,5,3,7,12
5079,5,3,7,12
5081,5,3,7,18
5083,5,3,7,12
5085,5,3,7,12
5087,5,3,7,12
5089,5,3,7,12
5091,5,3,7,12
5093,5,3,7,12
5095,5,3,7,12
5097,5,3,7,12
5099,5,3,7,12
5101,5,3,7,12
5103,5,3,7,12
5105,5,3,7,12
5107,5,3,7,12
5109,5,3,7,12
5111,5,3,7,12
5113,5,3,7,12
5115,5,3,7,12
5117,5,3,7,12
5119,5,3,7,12
5121,5,3,7,12
5123,5,3,7,12
5125,5,3,7,12
5127,5,3,7,12
5129,5,3,7,12
5131,5,3,7,12
5133,5,3,7,18
5135,5,3,7,12
5137,5,3,7,12
5139,5,3,7,12
5141,5,3,7,12
5143,5,3,7,18
5145,5,3,7,12
5147,5,3,7,12
5149,5,3,7,12
6001,6,4,9,20
6003,6,4,9,20
6005,6,4,9,20
6007,6,4,9,20
6009,6,4,9,20
6011,6,4,9,20
6013,6,4,9,20
6015,6,4,9,21
6017,6,4,9,20
6019,6,4,9,20
6021,6,4,9,20
6023,6,4,9,20
6025,6,4,9,19
6027,6,4,9,20
6029,6,4,9,20
6031,6,4,9,20
6033,6,4,9,20
6035,6,4,9,20
6037,6,4,9,20
6039,6,4,9,20
6041,6,4,9,20
6043,6,4,9,20
6045,6,4,9,20
6047,6,4,9,20
6049,6,4,9,21
6051,6,4,9,20
6053,6,4,9,20
6055,6,4,9,20
6057,6,4,9,20
6059,6,4,9,20
6061,6,4,9,20
6063,6,4,9,20
6065,6,4,9,19
6067,6,4,9,20
6069,6,4,9,20
6071,6,4,9,20
6073,6,4,9,20
6075,6,4,9,20
6077,6,4,9,20
6079,6,4,9,20
6081,6,4,9,20
6083,6,4,9,20
6085,6,4,9,20
6087,6,4,9,20
6089,6,4,9,20
6091,6,4,9,20
6093,6,4,9,21
6095,6,4,9,20
6097,6,4,9,20
6099,6,4,9,20
6101,6,4,9,20
6103,6,4,9,20
6105,6,4,9,20
6107,6,4,9,20
6109,6,4,9,20
6111,6,4,9,20
6113,6,4,9,20
6115,6,4,9,20
8001,8,4,8,22
8003,8,4,8,22
8005,8,4,8,22
8007,8,4,8,22
8009,8,4,8,22
8011,8,4,8,22
8013,8,4,8,22
8014,8,4,8,22
8015,8,4,8,22
8017,8,4,8,22
8019,8,4,8,22
8021,8,4,8,22
8023,8,4,8,22
8025,8,4,8,22
8027,8,4,8,22
8029,8,4,8,22
8031,8,4,8,22
8033,8,4,8,22
8035,8,4,8,22
8037,8,4,8,22
8039,8,4,8,22
8041,8,4,8,22
8043,8,4,8,22
8045,8,4,8,22
8047,8,4,8,22
8049,8,4,8,22
8051,8,4,8,22
8053,8,4,8,22
8055,8,4,8,22
8057,8,4,8,22
8059,8,4,8,22
8061,8,4,8,22
8063,8,4,8,22
8065,8,4,8,22
8067,8,4,8,22
8069,8,4,8,22
8071,8,4,8,22
8073,8,4,8,22
8075,8,4,8,22
8077,8,4,8,22
8079,8,4,8,22
8081,8,4,8,22
8083,8,4,8,22
8085,8,4,8,22
8087,8,4,8,22
8089,8,4,8,22
8091,8,4,8,22
8093,8,4,8,22
8095,8,4,8,22
8097,8,4,8,22
8099,8,4,8,22
8101,8,4,8,22
8103,8,4,8,22
8105,8,4,8,22
8107,8,4,8,22
8109,8,4,8,22
8111,8,4,8,22
8113,8,4,8,22
8115,8,4,8,22
8117,8,4,8,22
8119,8,4,8,22
8121,8,4,8,22
8123,8,4,8,22
8125,8,4,8,22
9001,9,1,1,5
9003,9,1,1,5
9005,9,1,1,5
9007,9,1,1,5
9009,9,1,1,5
9011,9,1,1,5
9013,9,1,1,5
9015,9,1,1,5
10001,10,3,5,9
10003,10,3,5,9
10005,10,3,5,9
11001,11,3,5,9
12001,12,3,5,2
12003,12,3,5,14
12005,12,3,5,14
12007,12,3,5,2
12009,12,3,5,2
12011,12,3,5,2
12013,12,3,5,14
12015,12,3,5,2
12017,12,3,5,2
12019,12,3,5,2
12021,12,3,5,2
12023,12,3,5,2
12027,12,3,5,2
12029,12,3,5,2
12031,12,3,5,2
12033,12,3,5,14
12035,12,3,5,2
12037,12,3,5,2
12039,12,3,5,2
12041,12,3,5,2
12043,12,3,5,2
12045,12,3,5,14
12047,12,3,5,2
12049,12,3,5,2
12051,12,3,5,2
12053,12,3,5,2
12055,12,3,5,2
12057,12,3,5,2
12059,12,3,5,14
12061,12,3,5,2
12063,12,3,5,14
12065,12,3,5,2
12067,12,3,5,2
12069,12,3,5,2
12071,12,3,5,2
12073,12,3,5,2
12075,12,3,5,2
12077,12,3,5,2
12079,12,3,5,2
12081,12,3,5,2
12083,12,3,5,2
12085,12,3,5,2
12086,12,3,5,2
12087,12,3,5,2
12089,12,3,5,14
12091,12,3,5,14
12093,12,3,5,2
12095,12,3,5,2
12097,12,3,5,2
12099,12,3,5,2
12101,12,3,5,2
12103,12,3,5,2
12105,12,3,5,2
12107,12,3,5,2
12109,12,3,5,2
12111,12,3,5,2
12113,12,3,5,14
12115,12,3,5,2
12117,12,3,5,2
12119,12,3,5,2
12121,12,3,5,2
12123,12,3,5,2
12125,12,3,5,2
12127,12,3,5,2
12129,12,3,5,2
12131,12,3,5,14
12133,12,3,5,14
13001,13,3,5,14
13003,13,3,5,14
13005,13,3,5,14
13007,13,3,5,14
13009,13,3,5,14
13011,13,3,5,14
13013,13,3,5,14
13015,13,3,5,14
13017,13,3,5,14
13019,13,3,5,14
13021,13,3,5,14
13023,13,3,5,14
13025,13,3,5,14
13027,13,3,5,14
13029,13,3,5,14
13031,13,3,5,14
13033,13,3,5,14
13035,13,3,5,14
13037,13,3,5,14
13039,13,3,5,14
13043,13,3,5,14
13045,13,3,5,14
13047,13,3,5,14
13049,13,3,5,14
13051,13,3,5,14
13053,13,3,5,14
13055,13,3,5,15
13057,13,3,5,14
13059,13,3,5,14
13061,13,3,5,14
13063,13,3,5,14
13065,13,3,5,14
13067,13,3,5,14
13069,13,3,5,14
13071,13,3,5,14
13073,13,3,5,14
13075,13,3,5,14
13077,13,3,5,14
13079,13,3,5,14
13081,13,3,5,14
13083,13,3,5,14
13085,13,3,5,14
13087,13,3,5,14
13089,13,3,5,14
13091,13,3,5,14
13093,13,3,5,14
13095,13,3,5,14
13097,13,3,5,14
13099,13,3,5,14
13101,13,3,5,14
13103,13,3,5,14
13105,13,3,5,14
13107,13,3,5,14
13109,13,3,5,14
13111,13,3,5,15
13113,13,3,5,14
13115,13,3,5,14
13117,13,3,5,14
13119,13,3,5,14
13121,13,3,5,14
13123,13,3,5,14
13125,13,3,5,14
13127,13,3,5,14
13129,13,3,5,14
13131,13,3,5,14
13133,13,3,5,14
13135,13,3,5,14
13137,13,3,5,15
13139,13,3,5,14
13141,13,3,5,14
13143,13,3,5,14
13145,13,3,5,14
13147,13,3,5,14
13149,13,3,5,14
13151,13,3,5,14
13153,13,3,5,14
13155,13,3,5,14
13157,13,3,5,14
13159,13,3,5,14
13161,13,3,5,14
13163,13,3,5,14
13165,13,3,5,14
13167,13,3,5,14
13169,13,3,5,14
13171,13,3,5,14
13173,13,3,5,14
13175,13,3,5,14
13177,13,3,5,14
13179,13,3,5,14
13181,13,3,5,14
13183,13,3,5,14
13185,13,3,5,14
13187,13,3,5,14
13189,13,3,5,14
13191,13,3,5,14
13193,13,3,5,14
13195,13,3,5,14
13197,13,3,5,14
13199,13,3,5,14
13201,13,3,5,14
13205,13,3,5,14
13207,13,3,5,14
13209,13,3,5,14
13211,13,3,5,14
13213,13,3,5,15
13215,13,3,5,14
13217,13,3,5,14
13219,13,3,5,14
13221,13,3,5,14
13223,13,3,5,14
13225,13,3,5,14
13227,13,3,5,14
13229,13,3,5,14
13231,13,3,5,14
13233,13,3,5,14
13235,13,3,5,14
13237,13,3,5,14
13239,13,3,5,14
13241,13,3,5,14
13243,13,3,5,14
13245,13,3,5,14
13247,13,3,5,14
13249,13,3,5,14
13251,13,3,5,14
13253,13,3,5,14
13255,13,3,5,14
13257,13,3,5,14
13259,13,3,5,14
13261,13,3,5,14
13263,13,3,5,14
13265,13,3,5,14
13267,13,3,5,14
13269,13,3,5,14
13271,13,3,5,14
13273,13,3,5,14
13275,13,3,5,14
13277,13,3,5,14
13279,13,3,5,14
13281,13,3,5,15
13283,13,3,5,14
13285,13,3,5,14
13287,13,3,5,14
13289,13,3,5,14
13291,13,3,5,15
13293,13,3,5,14
13295,13,3,5,15
13297,13,3,5,14
13299,13,3,5,14
13301,13,3,5,14
13303,13,3,5,14
13305,13,3,5,14
13307,13,3,5,14
13309,13,3,5,14
13311,13,3,5,14
13313,13,3,5,14
13315,13,3,5,14
13317,13,3,5,14
13319,13,3,5,14
13321,13,3,5,14
16001,16,4,8,21
16003,16,4,8,21
16005,16,4,8,21
16007,16,4,8,21
16009,16,4,8,21
16011,16,4,8,21
16013,16,4,8,21
16015,16,4,8,21
16017,16,4,8,21
16019,16,4,8,21
16021,16,4,8,21
16023,16,4,8,21
16025,16,4,8,21
16027,16,4,8,21
16029,16,4,8,21
16031,16,4,8,21
16033,16,4,8,21
16035,16,4,8,21
16037,16,4,8,21
16039,16,4,8,21
16041,16,4,8,21
16043,16,4,8,21
16045,16,4,8,21
16047,16,4,8,21
16049,16,4,8,21
16051,16,4,8,21
16053,16,4,8,21
16055,16,4,8,21
16057,16,4,8,21
16059,16,4,8,21
16061,16,4,8,21
16063,16,4,8,21
16065,16,4,8,21
16067,16,4,8,21
16069,16,4,8,21
16071,16,4,8,21
16073,16,4,8,21
16075,16,4,8,21
16077,16,4,8,21
16079,16,4,8,21
16081,16,4,8,21
16083,16,4,8,21
16085,16,4,8,21
16087,16,4,8,21
17001,17,2,3,13
17003,17,2,3,13
17005,17,2,3,13
17007,17,2,3,3
17009,17,2,3,13
17011,17,2,3,13
17013,17,2,3,13
17015,17,2,3,4
17017,17,2,3,13
17019,17,2,3,13
17021,17,2,3,13
17023,17,2,3,13
17025,17,2,3,13
17027,17,2,3,13
17029,17,2,3,13
17031,17,2,3,11
17033,17,2,3,13
17035,17,2,3,13
17037,17,2,3,11
17039,17,2,3,13
17041,17,2,3,13
17043,17,2,3,11
17045,17,2,3,13
17047,17,2,3,13
17049,17,2,3,13
17051,17,2,3,13
17053,17,2,3,13
17055,17,2,3,13
17057,17,2,3,13
17059,17,2,3,13
17061,17,2,3,13
17063,17,2,3,11
17065,17,2,3,13
17067,17,2,3,13
17069,17,2,3,13
17071,17,2,3,13
17073,17,2,3,13
17075,17,2,3,13
17077,17,2,3,13
17079,17,2,3,13
17081,17,2,3,13
17083,17,2,3,13
17085,17,2,3,11
17087,17,2,3,13
17089,17,2,3,11
17091,17,2,3,11
17093,17,2,3,11
17095,17,2,3,13
17097,17,2,3,11
17099,17,2,3,13
17101,17,2,3,13
17103,17,2,3,11
17105,17,2,3,13
17107,17,2,3,13
17109,17,2,3,13
17111,17,2,3,11
17113,17,2,3,13
17115,17,2,3,13
17117,17,2,3,13
17119,17,2,3,13
17121,17,2,3,13
17123,17,2,3,13
17125,17,2,3,13
17127,17,2,3,13
17129,17,2,3,13
17131,17,2,3,4
17133,17,2,3,13
17135,17,2,3,13
17137,17,2,3,13
17139,17,2,3,13
17141,17,2,3,11
17143,17,2,3,13
17145,17,2,3,13
17147,17,2,3,13
17149,17,2,3,13
17151,17,2,3,13
17153,17,2,3,13
17155,17,2,3,13
17157,17,2,3,13
17159,17,2,3,13
17161,17,2,3,4
17163,17,2,3,13
17165,17,2,3,13
17167,17,2,3,13
17169,17,2,3,13
17171,17,2,3,13
17173,17,2,3,13
17175,17,2,3,13
17177,17,2,3,11
17179,17,2,3,13
17181,17,2,3,13
17183,17,2,3,13
17185,17,2,3,13
17187,17,2,3,13
17189,17,2,3,13
17191,17,2,3,13
17193,17,2,3,13
17195,17,2,3,11
17197,17,2,3,11
17199,17,2,3,13
17201,17,2,3,11
17203,17,2,3,13
18001,18,2,3,11
18003,18,2,3,11
18005,18,2,3,11
18007,18,2,3,11
18009,18,2,3,11
18011,18,2,3,11
18013,18,2,3,11
18015,18,2,3,11
18017,18,2,3,11
18019,18,2,3,11
18021,18,2,3,11
18023,18,2,3,11
18025,18,2,3,11
18027,18,2,3,11
18029,18,2,3,11
18031,18,2,3,11
18033,18,2,3,11
18035,18,2,3,11
18037,18,2,3,11
18039,18,2,3,11
18041,18,2,3,11
18043,18,2,3,11
18045,18,2,3,11
18047,18,2,3,11
18049,18,2,3,11
18051,18,2,3,11
18053,18,2,3,11
18055,18,2,3,11
18057,18,2,3,11
18059,18,2,3,11
18061,18,2,3,11
18063,18,2,3,11
18065,18,2,3,11
18067,18,2,3,11
18069,18,2,3,11
18071,18,2,3,11
18073,18,2,3,11
18075,18,2,3,11
18077,18,2,3,11
18079,18,2,3,11
18081,18,2,3,11
18083,18,2,3,11
18085,18,2,3,11
18087,18,2,3,11
18089,18,2,3,11
18091,18,2,3,11
18093,18,2,3,11
18095,18,2,3,11
18097,18,2,3,11
18099,18,2,3,11
18101,18,2,3,11
18103,18,2,3,11
18105,18,2,3,11
18107,18,2,3,11
18109,18,2,3,11
18111,18,2,3,11
18113,18,2,3,11
18115,18,2,3,11
18117,18,2,3,11
18119,18,2,3,11
18121,18,2,3,11
18123,18,2,3,11
18125,18,2,3,11
18127,18,2,3,11
18129,18,2,3,11
18131,18,2,3,11
18133,18,2,3,11
18135,18,2,3,11
18137,18,2,3,11
18139,18,2,3,11
18141,18,2,3,11
18143,18,2,3,11
18145,18,2,3,11
18147,18,2,3,11
18149,18,2,3,11
18151,18,2,3,11
18153,18,2,3,11
18155,18,2,3,11
18157,18,2,3,11
18159,18,2,3,11
18161,18,2,3,11
18163,18,2,3,11
18165,18,2,3,11
18167,18,2,3,11
18169,18,2,3,11
18171,18,2,3,11
18173,18,2,3,11
18175,18,2,3,11
18177,18,2,3,11
18179,18,2,3,11
18181,18,2,3,11
18183,18,2,3,11
19001,19,2,4,4
19003,19,2,4,4
19005,19,2,4,4
19007,19,2,4,13
19009,19,2,4,4
19011,19,2,4,4
19013,19,2,4,4
19015,19,2,4,4
19017,19,2,4,4
19019,19,2,4,4
19021,19,2,4,4
19023,19,2,4,4
19025,19,2,4,4
19027,19,2,4,4
19029,19,2,4,4
19031,19,2,4,4
19033,19,2,4,4
19035,19,2,4,4
19037,19,2,4,4
19039,19,2,4,4
19041,19,2,4,4
19043,19,2,4,4
19045,19,2,4,4
19047,19,2,4,4
19049,19,2,4,4
19051,19,2,4,13
19053,19,2,4,4
19055,19,2,4,4
19057,19,2,4,4
19059,19,2,4,4
19061,19,2,4,4
19063,19,2,4,4
19065,19,2,4,4
19067,19,2,4,4
19069,19,2,4,4
19071,19,2,4,4
19073,19,2,4,4
19075,19,2,4,4
19077,19,2,4,4
19079,19,2,4,4
19081,19,2,4,4
19083,19,2,4,4
19085,19,2,4,4
19087,19,2,4,4
19089,19,2,4,4
19091,19,2,4,4
19093,19,2,4,4
19095,19,2,4,4
19097,19,2,4,4
19099,19,2,4,13
19101,19,2,4,13
19103,19,2,4,4
19105,19,2,4,4
19107,19,2,4,4
19109,19,2,4,4
19111,19,2,4,4
19113,19,2,4,4
19115,19,2,4,4
19117,19,2,4,4
19119,19,2,4,4
19121,19,2,4,4
19123,19,2,4,4
19125,19,2,4,4
19127,19,2,4,4
19129,19,2,4,4
19131,19,2,4,4
19133,19,2,4,4
19135,19,2,4,4
19137,19,2,4,4
19139,19,2,4,4
19141,19,2,4,4
19143,19,2,4,4
19145,19,2,4,13
19147,19,2,4,4
19149,19,2,4,4
19151,19,2,4,4
19153,19,2,4,4
19155,19,2,4,4
19157,19,2,4,4
19159,19,2,4,4
19161,19,2,4,4
19163,19,2,4,4
19165,19,2,4,4
19167,19,2,4,4
19169,19,2,4,4
19171,19,2,4,4
19173,19,2,4,4
19175,19,2,4,4
19177,19,2,4,13
19179,19,2,4,13
19181,19,2,4,4
19183,19,2,4,13
19185,19,2,4,4
19187,19,2,4,4
19189,19,2,4,4
19191,19,2,4,4
19193,19,2,4,4
19195,19,2,4,4
19197,19,2,4,4
20001,20,2,4,17
20003,20,2,4,17
20005,20,2,4,17
20007,20,2,4,18
20009,20,2,4,17
20011,20,2,4,17
20013,20,2,4,17
20015,20,2,4,17
20017,20,2,4,17
20019,20,2,4,17
20021,20,2,4,17
20023,20,2,4,17
20025,20,2,4,17
20027,20,2,4,17
20029,20,2,4,17
20031,20,2,4,17
20033,20,2,4,17
20035,20,2,4,17
20037,20,2,4,17
20039,20,2,4,17
20041,20,2,4,17
20043,20,2,4,17
20045,20,2,4,17
20047,20,2,4,17
20049,20,2,4,17
20051,20,2,4,17
20053,20,2,4,17
20055,20,2,4,17
20057,20,2,4,17
20059,20,2,4,17
20061,20,2,4,17
20063,20,2,4,17
20065,20,2,4,17
20067,20,2,4,17
20069,20,2,4,17
20071,20,2,4,17
20073,20,2,4,17
20075,20,2,4,17
20077,20,2,4,17
20079,20,2,4,17
20081,20,2,4,17
20083,20,2,4,17
20085,20,2,4,17
20087,20,2,4,17
20089,20,2,4,17
20091,20,2,4,17
20093,20,2,4,17
20095,20,2,4,17
20097,20,2,4,17
20099,20,2,4,17
20101,20,2,4,17
20103,20,2,4,17
20105,20,2,4,17
20107,20,2,4,17
20109,20,2,4,17
20111,20,2,4,17
20113,20,2,4,17
20115,20,2,4,17
20117,20,2,4,17
20119,20,2,4,17
20121,20,2,4,17
20123,20,2,4,17
20125,20,2,4,17
20127,20,2,4,17
20129,20,2,4,17
20131,20,2,4,17
20133,20,2,4,17
20135,20,2,4,17
20137,20,2,4,17
20139,20,2,4,17
20141,20,2,4,17
20143,20,2,4,17
20145,20,2,4,17
20147,20,2,4,17
20149,20,2,4,17
20151,20,2,4,17
20153,20,2,4,17
20155,20,2,4,17
20157,20,2,4,17
20159,20,2,4,17
20161,20,2,4,17
20163,20,2,4,17
20165,20,2,4,17
20167,20,2,4,17
20169,20,2,4,17
20171,20,2,4,17
20173,20,2,4,17
20175,20,2,4,17
20177,20,2,4,17
20179,20,2,4,17
20181,20,2,4,17
20183,20,2,4,17
20185,20,2,4,17
20187,20,2,4,17
20189,20,2,4,17
20191,20,2,4,17
20193,20,2,4,17
20195,20,2,4,17
20197,20,2,4,17
20199,20,2,4,17
20201,20,2,4,17
20203,20,2,4,17
20205,20,2,4,17
20207,20,2,4,17
20209,20,2,4,17
21001,21,3,6,15
21003,21,3,6,15
21005,21,3,6,15
21007,21,3,6,15
21009,21,3,6,15
21011,21,3,6,15
21013,21,3,6,15
21015,21,3,6,15
21017,21,3,6,15
21019,21,3,6,11
21021,21,3,6,15
21023,21,3,6,15
21025,21,3,6,15
21027,21,3,6,15
21029,21,3,6,15
21031,21,3,6,15
21033,21,3,6,15
21035,21,3,6,15
21037,21,3,6,11
21039,21,3,6,15
21041,21,3,6,15
21043,21,3,6,11
21045,21,3,6,15
21047,21,3,6,15
21049,21,3,6,15
21051,21,3,6,15
21053,21,3,6,15
21055,21,3,6,15
21057,21,3,6,15
21059,21,3,6,15
21061,21,3,6,15
21063,21,3,6,15
21065,21,3,6,15
21067,21,3,6,15
21069,21,3,6,15
21071,21,3,6,15
21073,21,3,6,15
21075,21,3,6,15
21077,21,3,6,15
21079,21,3,6,15
21081,21,3,6,15
21083,21,3,6,15
21085,21,3,6,15
21087,21,3,6,15
21089,21,3,6,15
21091,21,3,6,15
21093,21,3,6,15
21095,21,3,6,15
21097,21,3,6,15
21099,21,3,6,15
21101,21,3,6,15
21103,21,3,6,15
21105,21,3,6,15
21107,21,3,6,15
21109,21,3,6,15
21111,21,3,6,15
21113,21,3,6,15
21115,21,3,6,15
21117,21,3,6,15
21119,21,3,6,15
21121,21,3,6,15
21123,21,3,6,15
21125,21,3,6,15
21127,21,3,6,11
21129,21,3,6,15
21131,21,3,6,15
21133,21,3,6,15
21135,21,3,6,11
21137,21,3,6,15
21139,21,3,6,15
21141,21,3,6,15
21143,21,3,6,15
21145,21,3,6,15
21147,21,3,6,15
21149,21,3,6,15
21151,21,3,6,15
21153,21,3,6,15
21155,21,3,6,15
21157,21,3,6,15
21159,21,3,6,15
21161,21,3,6,15
21163,21,3,6,15
21165,21,3,6,15
21167,21,3,6,15
21169,21,3,6,15
21171,21,3,6,15
21173,21,3,6,15
21175,21,3,6,11
21177,21,3,6,15
21179,21,3,6,15
21181,21,3,6,15
21183,21,3,6,15
21185,21,3,6,15
21187,21,3,6,15
21189,21,3,6,15
21191,21,3,6,15
21193,21,3,6,11
21195,21,3,6,11
21197,21,3,6,15
21199,21,3,6,15
21201,21,3,6,15
21203,21,3,6,15
21205,21,3,6,15
21207,21,3,6,15
21209,21,3,6,15
21211,21,3,6,15
21213,21,3,6,15
21215,21,3,6,15
21217,21,3,6,15
21219,21,3,6,15
21221,21,3,6,15
21223,21,3,6,15
21225,21,3,6,15
21227,21,3,6,15
21229,21,3,6,15
21231,21,3,6,15
21233,21,3,6,15
21235,21,3,6,15
21237,21,3,6,15
21239,21,3,6,15
22001,22,3,7,18
22003,22,3,7,18
22005,22,3,7,12
22007,22,3,7,12
22009,22,3,7,12
22011,22,3,7,18
22013,22,3,7,12
22015,22,3,7,18
22017,22,3,7,18
22019,22,3,7,12
22021,22,3,7,12
22023,22,3,7,12
22025,22,3,7,12
22027,22,3,7,12
22029,22,3,7,18
22031,22,3,7,18
22033,22,3,7,12
22035,22,3,7,12
22037,22,3,7,12
22039,22,3,7,18
22041,22,3,7,12
22043,22,3,7,18
22045,22,3,7,18
22047,22,3,7,12
22049,22,3,7,12
22051,22,3,7,12
22053,22,3,7,12
22055,22,3,7,12
22057,22,3,7,12
22059,22,3,7,18
22061,22,3,7,12
22063,22,3,7,12
22065,22,3,7,12
22067,22,3,7,12
22069,22,3,7,18
22071,22,3,7,12
22073,22,3,7,12
22075,22,3,7,12
22077,22,3,7,12
22079,22,3,7,18
22081,22,3,7,12
22083,22,3,7,12
22085,22,3,7,18
22087,22,3,7,12
22089,22,3,7,12
22091,22,3,7,12
22093,22,3,7,12
22095,22,3,7,12
22097,22,3,7,18
22099,22,3,7,12
22101,22,3,7,12
22103,22,3,7,12
22105,22,3,7,12
22107,22,3,7,12
22109,22,3,7,12
22111,22,3,7,12
22113,22,3,7,12
22115,22,3,7,12
22117,22,3,7,12
22119,22,3,7,12
22121,22,3,7,12
22123,22,3,7,12
22125,22,3,7,12
22127,22,3,7,12
23001,23,1,1,5
23003,23,1,1,5
23005,23,1,1,5
23007,23,1,1,5
23009,23,1,1,5
23011,23,1,1,5
23013,23,1,1,5
23015,23,1,1,5
23017,23,1,1,5
23019,23,1,1,5
23021,23,1,1,5
23023,23,1,1,5
23025,23,1,1,5
23027,23,1,1,5
23029,23,1,1,5
23031,23,1,1,5
24001,24,3,5,11
24003,24,3,5,9
24005,24,3,5,9
24009,24,3,5,9
24011,24,3,5,9
24013,24,3,5,9
24015,24,3,5,9
24017,24,3,5,9
24019,24,3,5,9
24021,24,3,5,11
24023,24,3,5,11
24025,24,3,5,9
24027,24,3,5,9
24029,24,3,5,9
24031,24,3,5,9
24033,24,3,5,9
24035,24,3,5,9
24037,24,3,5,9
24039,24,3,5,9
24041,24,3,5,9
24043,24,3,5,11
24045,24,3,5,9
24047,24,3,5,9
24510,24,3,5,9
25001,25,1,1,5
25003,25,1,1,5
25005,25,1,1,5
25007,25,1,1,5
25009,25,1,1,5
25011,25,1,1,5
25013,25,1,1,5
25015,25,1,1,5
25017,25,1,1,5
25019,25,1,1,5
25021,25,1,1,5
25023,25,1,1,5
25025,25,1,1,5
25027,25,1,1,5
26001,26,2,4,10
26003,26,2,4,3
26005,26,2,4,10
26007,26,2,4,10
26009,26,2,4,10
26011,26,2,4,10
26013,26,2,4,3
26015,26,2,4,10
26017,26,2,4,10
26019,26,2,4,10
26021,26,2,4,11
26023,26,2,4,10
26025,26,2,4,10
26027,26,2,4,10
26029,26,2,4,10
26031,26,2,4,10
26033,26,2,4,11
26035,26,2,4,10
26037,26,2,4,10
26039,26,2,4,10
26041,26,2,4,11
26043,26,2,4,11
26045,26,2,4,10
26047,26,2,4,10
26049,26,2,4,10
26051,26,2,4,10
26053,26,2,4,4
26055,26,2,4,10
26057,26,2,4,10
26059,26,2,4,10
26061,26,2,4,3
26063,26,2,4,10
26065,26,2,4,10
26067,26,2,4,10
26069,26,2,4,10
26071,26,2,4,11
26073,26,2,4,10
26075,26,2,4,10
26077,26,2,4,10
26079,26,2,4,10
26081,26,2,4,10
26083,26,2,4,3
26085,26,2,4,10
26087,26,2,4,10
26089,26,2,4,10
26091,26,2,4,10
26093,26,2,4,10
26095,26,2,4,11
26097,26,2,4,11
26099,26,2,4,10
26101,26,2,4,10
26103,26,2,4,11
26105,26,2,4,10
26107,26,2,4,10
26109,26,2,4,11
26111,26,2,4,10
26113,26,2,4,10
26115,26,2,4,10
26117,26,2,4,10
26119,26,2,4,10
26121,26,2,4,10
26123,26,2,4,10
26125,26,2,4,10
26127,26,2,4,10
26129,26,2,4,10
26131,26,2,4,3
26133,26,2,4,10
26135,26,2,4,10
26137,26,2,4,10
26139,26,2,4,10
26141,26,2,4,10
26143,26,2,4,10
26145,26,2,4,10
26147,26,2,4,10
26149,26,2,4,10
26151,26,2,4,10
26153,26,2,4,3
26155,26,2,4,10
26157,26,2,4,10
26159,26,2,4,11
26161,26,2,4,10
26163,26,2,4,10
26165,26,2,4,10
27001,27,2,4,4
27003,27,2,4,4
27005,27,2,4,4
27007,27,2,4,4
27009,27,2,4,4
27011,27,2,4,4
27013,27,2,4,4
27015,27,2,4,4
27017,27,2,4,4
27019,27,2,4,4
27021,27,2,4,4
27023,27,2,4,4
27025,27,2,4,4
27027,27,2,4,4
27029,27,2,4,4
27031,27,2,4,4
27033,27,2,4,4
27035,27,2,4,4
27037,27,2,4,4
27039,27,2,4,4
27041,27,2,4,4
27043,27,2,4,4
27045,27,2,4,4
27047,27,2,4,4
27049,27,2,4,4
27051,27,2,4,4
27053,27,2,4,4
27055,27,2,4,4
27057,27,2,4,4
27059,27,2,4,4
27061,27,2,4,4
27063,27,2,4,4
27065,27,2,4,4
27067,27,2,4,4
27069,27,2,4,4
27071,27,2,4,4
27073,27,2,4,4
27075,27,2,4,4
27077,27,2,4,4
27079,27,2,4,4
27081,27,2,4,4
27083,27,2,4,4
27085,27,2,4,4
27087,27,2,4,4
27089,27,2,4,4
27091,27,2,4,4
27093,27,2,4,4
27095,27,2,4,4
27097,27,2,4,4
27099,27,2,4,4
27101,27,2,4,4
27103,27,2,4,4
27105,27,2,4,4
27107,27,2,4,4
27109,27,2,4,4
27111,27,2,4,4
27113,27,2,4,4
27115,27,2,4,4
27117,27,2,4,4
27119,27,2,4,4
27121,27,2,4,4
27123,27,2,4,4
27125,27,2,4,4
27127,27,2,4,4
27129,27,2,4,4
27131,27,2,4,4
27133,27,2,4,4
27135,27,2,4,4
27137,27,2,4,4
27139,27,2,4,4
27141,27,2,4,4
27143,27,2,4,4
27145,27,2,4,4
27147,27,2,4,4
27149,27,2,4,4
27151,27,2,4,4
27153,27,2,4,4
27155,27,2,4,4
27157,27,2,4,4
27159,27,2,4,4
27161,27,2,4,4
27163,27,2,4,4
27165,27,2,4,4
27167,27,2,4,4
27169,27,2,4,4
27171,27,2,4,4
27173,27,2,4,4
28001,28,3,6,12
28003,28,3,6,15
28005,28,3,6,14
28007,28,3,6,12
28009,28,3,6,15
28011,28,3,6,14
28013,28,3,6,15
28015,28,3,6,14
28017,28,3,6,15
28019,28,3,6,15
28021,28,3,6,12
28023,28,3,6,14
28025,28,3,6,15
28027,28,3,6,12
28029,28,3,6,12
28031,28,3,6,14
28033,28,3,6,12
28035,28,3,6,14
28037,28,3,6,12
28039,28,3,6,14
28041,28,3,6,14
28043,28,3,6,15
28045,28,3,6,14
28047,28,3,6,14
28049,28,3,6,12
28051,28,3,6,14
28053,28,3,6,14
28055,28,3,6,14
28057,28,3,6,15
28059,28,3,6,14
28061,28,3,6,14
28063,28,3,6,14
28065,28,3,6,14
28067,28,3,6,14
28069,28,3,6,15
28071,28,3,6,15
28073,28,3,6,14
28075,28,3,6,15
28077,28,3,6,14
28079,28,3,6,15
28081,28,3,6,15
28083,28,3,6,12
28085,28,3,6,12
28087,28,3,6,15
28089,28,3,6,12
28091,28,3,6,14
28093,28,3,6,15
28095,28,3,6,15
28097,28,3,6,14
28099,28,3,6,15
28101,28,3,6,15
28103,28,3,6,15
28105,28,3,6,15
28107,28,3,6,15
28109,28,3,6,14
28111,28,3,6,14
28113,28,3,6,14
28115,28,3,6,15
28117,28,3,6,15
28119,28,3,6,15
28121,28,3,6,12
28123,28,3,6,15
28125,28,3,6,14
28127,28,3,6,15
28129,28,3,6,12
28131,28,3,6,14
28133,28,3,6,14
28135,28,3,6,12
28137,28,3,6,15
28139,28,3,6,15
28141,28,3,6,15
28143,28,3,6,14
28145,28,3,6,15
28147,28,3,6,14
28149,28,3,6,14
28151,28,3,6,12
28153,28,3,6,14
28155,28,3,6,15
28157,28,3,6,14
28159,28,3,6,15
28161,28,3,6,15
28163,28,3,6,12
29001,29,2,4,13
29003,29,2,4,17
29005,29,2,4,17
29007,29,2,4,13
29009,29,2,4,13
29011,29,2,4,13
29013,29,2,4,13
29015,29,2,4,17
29017,29,2,4,13
29019,29,2,4,13
29021,29,2,4,13
29023,29,2,4,13
29025,29,2,4,13
29027,29,2,4,13
29029,29,2,4,13
29031,29,2,4,13
29033,29,2,4,17
29035,29,2,4,13
29037,29,2,4,17
29039,29,2,4,13
29041,29,2,4,17
29043,29,2,4,13
29045,29,2,4,13
29047,29,2,4,13
29049,29,2,4,13
29051,29,2,4,13
29053,29,2,4,13
29055,29,2,4,13
29057,29,2,4,13
29059,29,2,4,17
29061,29,2,4,13
29063,29,2,4,13
29065,29,2,4,13
29067,29,2,4,13
29069,29,2,4,12
29071,29,2,4,13
29073,29,2,4,13
29075,29,2,4,13
29077,29,2,4,13
29079,29,2,4,13
29081,29,2,4,13
29083,29,2,4,13
29085,29,2,4,13
29087,29,2,4,13
29089,29,2,4,17
29091,29,2,4,13
29093,29,2,4,13
29095,29,2,4,17
29097,29,2,4,13
29099,29,2,4,13
29101,29,2,4,13
29103,29,2,4,13
29105,29,2,4,13
29107,29,2,4,17
29109,29,2,4,13
29111,29,2,4,13
29113,29,2,4,13
29115,29,2,4,13
29117,29,2,4,13
29119,29,2,4,13
29121,29,2,4,13
29123,29,2,4,13
29125,29,2,4,13
29127,29,2,4,13
29129,29,2,4,17
29131,29,2,4,13
29133,29,2,4,13
29135,29,2,4,13
29137,29,2,4,13
29139,29,2,4,13
29141,29,2,4,13
29143,29,2,4,13
29145,29,2,4,13
29147,29,2,4,13
29149,29,2,4,13
29151,29,2,4,13
29153,29,2,4,13
29155,29,2,4,13
29157,29,2,4,13
29159,29,2,4,13
29161,29,2,4,13
29163,29,2,4,13
29165,29,2,4,13
29167,29,2,4,13
29169,29,2,4,13
29171,29,2,4,13
29173,29,2,4,13
29175,29,2,4,13
29177,29,2,4,13
29179,29,2,4,13
29181,29,2,4,13
29183,29,2,4,13
29185,29,2,4,13
29186,29,2,4,13
29187,29,2,4,13
29189,29,2,4,13
29195,29,2,4,17
29197,29,2,4,13
29199,29,2,4,13
29201,29,2,4,13
29203,29,2,4,13
29205,29,2,4,13
29207,29,2,4,13
29209,29,2,4,17
29211,29,2,4,13
29213,29,2,4,13
29215,29,2,4,13
29217,29,2,4,13
29219,29,2,4,13
29221,29,2,4,13
29223,29,2,4,13
29225,29,2,4,13
29227,29,2,4,17
29229,29,2,4,13
29510,29,2,4,13
30001,30,4,8,21
30003,30,4,8,21
30005,30,4,8,21
30007,30,4,8,21
30009,30,4,8,21
30011,30,4,8,21
30013,30,4,8,21
30015,30,4,8,21
30017,30,4,8,21
30019,30,4,8,4
30021,30,4,8,4
30023,30,4,8,21
30025,30,4,8,4
30027,30,4,8,21
30029,30,4,8,21
30031,30,4,8,21
30033,30,4,8,21
30035,30,4,8,21
30037,30,4,8,21
30039,30,4,8,21
30041,30,4,8,21
30043,30,4,8,21
30045,30,4,8,21
30047,30,4,8,21
30049,30,4,8,21
30051,30,4,8,21
30053,30,4,8,21
30055,30,4,8,4
30057,30,4,8,21
30059,30,4,8,21
30061,30,4,8,21
30063,30,4,8,21
30065,30,4,8,21
30067,30,4,8,21
30069,30,4,8,21
30071,30,4,8,21
30073,30,4,8,21
30075,30,4,8,21
30077,30,4,8,21
30079,30,4,8,4
30081,30,4,8,21
30083,30,4,8,4
30085,30,4,8,21
30087,30,4,8,21
30089,30,4,8,21
30091,30,4,8,21
30093,30,4,8,21
30095,30,4,8,21
30097,30,4,8,21
30099,30,4,8,21
30101,30,4,8,21
30103,30,4,8,21
30105,30,4,8,21
30107,30,4,8,21
30109,30,4,8,4
30111,30,4,8,21
31001,31,2,4,4
31003,31,2,4,4
31005,31,2,4,22
31007,31,2,4,22
31009,31,2,4,4
31011,31,2,4,4
31013,31,2,4,22
31015,31,2,4,4
31017,31,2,4,4
31019,31,2,4,4
31021,31,2,4,4
31023,31,2,4,4
31025,31,2,4,4
31027,31,2,4,4
31029,31,2,4,22
31031,31,2,4,4
31033,31,2,4,22
31035,31,2,4,4
31037,31,2,4,4
31039,31,2,4,4
31041,31,2,4,4
31043,31,2,4,4
31045,31,2,4,22
31047,31,2,4,4
31049,31,2,4,22
31051,31,2,4,4
31053,31,2,4,4
31055,31,2,4,4
31057,31,2,4,4
31059,31,2,4,4
31061,31,2,4,4
31063,31,2,4,4
31065,31,2,4,4
31067,31,2,4,4
31069,31,2,4,22
31071,31,2,4,4
31073,31,2,4,4
31075,31,2,4,22
31077,31,2,4,4
31079,31,2,4,4
31081,31,2,4,4
31083,31,2,4,4
31085,31,2,4,4
31087,31,2,4,4
31089,31,2,4,4
31091,31,2,4,22
31093,31,2,4,4
31095,31,2,4,4
31097,31,2,4,4
31099,31,2,4,4
31101,31,2,4,22
31103,31,2,4,4
31105,31,2,4,22
31107,31,2,4,4
31109,31,2,4,4
31111,31,2,4,4
31113,31,2,4,4
31115,31,2,4,4
31117,31,2,4,4
31119,31,2,4,4
31121,31,2,4,4
31123,31,2,4,22
31125,31,2,4,4
31127,31,2,4,4
31129,31,2,4,4
31131,31,2,4,4
31133,31,2,4,4
31135,31,2,4,22
31137,31,2,4,4
31139,31,2,4,4
31141,31,2,4,4
31143,31,2,4,4
31145,31,2,4,4
31147,31,2,4,4
31149,31,2,4,4
31151,31,2,4,4
31153,31,2,4,4
31155,31,2,4,4
31157,31,2,4,4
31159,31,2,4,4
31161,31,2,4,22
31163,31,2,4,4
31165,31,2,4,22
31167,31,2,4,4
31169,31,2,4,4
31171,31,2,4,4
31173,31,2,4,4
31175,31,2,4,4
31177,31,2,4,4
31179,31,2,4,4
31181,31,2,4,4
31183,31,2,4,4
31185,31,2,4,4
32001,32,4,8,21
32003,32,4,8,19
32005,32,4,8,21
32007,32,4,8,21
32009,32,4,8,19
32011,32,4,8,21
32013,32,4,8,21
32015,32,4,8,21
32017,32,4,8,19
32019,32,4,8,21
32021,32,4,8,21
32023,32,4,8,21
32027,32,4,8,21
32029,32,4,8,21
32031,32,4,8,21
32033,32,4,8,21
32510,32,4,8,21
33001,33,1,1,5
33003,33,1,1,5
33005,33,1,1,5
33007,33,1,1,5
33009,33,1,1,5
33011,33,1,1,5
33013,33,1,1,5
33015,33,1,1,5
33017,33,1,1,5
33019,33,1,1,5
34001,34,1,2,9
34003,34,1,2,9
34005,34,1,2,9
34007,34,1,2,9
34009,34,1,2,9
34011,34,1,2,9
34013,34,1,2,9
34015,34,1,2,9
34017,34,1,2,9
34019,34,1,2,9
34021,34,1,2,9
34023,34,1,2,9
34025,34,1,2,9
34027,34,1,2,9
34029,34,1,2,9
34031,34,1,2,9
34033,34,1,2,9
34035,34,1,2,9
34037,34,1,2,9
34039,34,1,2,9
34041,34,1,2,9
35001,35,4,8,19
35003,35,4,8,19
35005,35,4,8,19
35006,35,4,8,19
35007,35,4,8,19
35009,35,4,8,18
35011,35,4,8,18
35013,35,4,8,19
35015,35,4,8,18
35017,35,4,8,19
35019,35,4,8,19
35021,35,4,8,19
35023,35,4,8,19
35025,35,4,8,18
35027,35,4,8,19
35028,35,4,8,19
35029,35,4,8,19
35031,35,4,8,19
35033,35,4,8,19
35035,35,4,8,19
35037,35,4,8,18
35039,35,4,8,19
35041,35,4,8,18
35043,35,4,8,19
35045,35,4,8,21
35047,35,4,8,19
35049,35,4,8,19
35051,35,4,8,19
35053,35,4,8,19
35055,35,4,8,19
35057,35,4,8,19
35059,35,4,8,19
35061,35,4,8,19
36001,36,1,2,8
36003,36,1,2,8
36005,36,1,2,6
36007,36,1,2,8
36009,36,1,2,8
36011,36,1,2,8
36013,36,1,2,8
36015,36,1,2,8
36017,36,1,2,8
36019,36,1,2,8
36021,36,1,2,8
36023,36,1,2,8
36025,36,1,2,8
36027,36,1,2,8
36029,36,1,2,8
36031,36,1,2,8
36033,36,1,2,8
36035,36,1,2,8
36037,36,1,2,8
36039,36,1,2,8
36041,36,1,2,8
36043,36,1,2,8
36045,36,1,2,8
36047,36,1,2,6
36049,36,1,2,8
36051,36,1,2,8
36053,36,1,2,8
36055,36,1,2,8
36057,36,1,2,8
36059,36,1,2,7
36061,36,1,2,6
36063,36,1,2,8
36065,36,1,2,8
36067,36,1,2,8
36069,36,1,2,8
36071,36,1,2,8
36073,36,1,2,8
36075,36,1,2,8
36077,36,1,2,8
36079,36,1,2,8
36081,36,1,2,6
36083,36,1,2,8
36085,36,1,2,6
36087,36,1,2,8
36089,36,1,2,8
36091,36,1,2,8
36093,36,1,2,8
36095,36,1,2,8
36097,36,1,2,8
36099,36,1,2,8
36101,36,1,2,8
36103,36,1,2,7
36105,36,1,2,8
36107,36,1,2,8
36109,36,1,2,8
36111,36,1,2,8
36113,36,1,2,8
36115,36,1,2,8
36117,36,1,2,8
36119,36,1,2,6
36121,36,1,2,8
36123,36,1,2,8
37001,37,3,5,16
37003,37,3,5,16
37005,37,3,5,16
37007,37,3,5,16
37009,37,3,5,16
37011,37,3,5,15
37013,37,3,5,16
37015,37,3,5,16
37017,37,3,5,16
37019,37,3,5,16
37021,37,3,5,16
37023,37,3,5,15
37025,37,3,5,16
37027,37,3,5,15
37029,37,3,5,16
37031,37,3,5,16
37033,37,3,5,16
37035,37,3,5,16
37037,37,3,5,16
37039,37,3,5,16
37041,37,3,5,16
37043,37,3,5,15
37045,37,3,5,16
37047,37,3,5,16
37049,37,3,5,16
37051,37,3,5,16
37053,37,3,5,16
37055,37,3,5,16
37057,37,3,5,16
37059,37,3,5,16
37061,37,3,5,16
37063,37,3,5,16
37065,37,3,5,16
37067,37,3,5,16
37069,37,3,5,16
37071,37,3,5,16
37073,37,3,5,16
37075,37,3,5,16
37077,37,3,5,16
37079,37,3,5,16
37081,37,3,5,16
37083,37,3,5,16
37085,37,3,5,16
37087,37,3,5,16
37089,37,3,5,15
37091,37,3,5,16
37093,37,3,5,16
37095,37,3,5,16
37097,37,3,5,16
37099,37,3,5,15
37101,37,3,5,16
37103,37,3,5,16
37105,37,3,5,16
37107,37,3,5,16
37109,37,3,5,16
37111,37,3,5,15
37113,37,3,5,16
37115,37,3,5,16
37117,37,3,5,16
37119,37,3,5,16
37121,37,3,5,16
37123,37,3,5,16
37125,37,3,5,16
37127,37,3,5,16
37129,37,3,5,16
37131,37,3,5,16
37133,37,3,5,16
37135,37,3,5,16
37137,37,3,5,16
37139,37,3,5,16
37141,37,3,5,16
37143,37,3,5,16
37145,37,3,5,16
37147,37,3,5,16
37149,37,3,5,16
37151,37,3,5,16
37153,37,3,5,16
37155,37,3,5,16
37157,37,3,5,16
37159,37,3,5,16
37161,37,3,5,16
37163,37,3,5,16
37165,37,3,5,16
37167,37,3,5,16
37169,37,3,5,16
37171,37,3,5,16
37173,37,3,5,16
37175,37,3,5,15
37177,37,3,5,16
37179,37,3,5,16
37181,37,3,5,16
37183,37,3,5,16
37185,37,3,5,16
37187,37,3,5,16
37189,37,3,5,16
37191,37,3,5,16
37193,37,3,5,16
37195,37,3,5,16
37197,37,3,5,16
37199,37,3,5,16
38001,38,2,4,4
38003,38,2,4,4
38005,38,2,4,4
38007,38,2,4,4
38009,38,2,4,4
38011,38,2,4,4
38013,38,2,4,4
38015,38,2,4,4
38017,38,2,4,4
38019,38,2,4,4
38021,38,2,4,4
38023,38,2,4,4
38025,38,2,4,4
38027,38,2,4,4
38029,38,2,4,4
38031,38,2,4,4
38033,38,2,4,4
38035,38,2,4,4
38037,38,2,4,4
38039,38,2,4,4
38041,38,2,4,4
38043,38,2,4,4
38045,38,2,4,4
38047,38,2,4,4
38049,38,2,4,4
38051,38,2,4,4
38053,38,2,4,4
38055,38,2,4,4
38057,38,2,4,4
38059,38,2,4,4
38061,38,2,4,4
38063,38,2,4,4
38065,38,2,4,4
38067,38,2,4,4
38069,38,2,4,4
38071,38,2,4,4
38073,38,2,4,4
38075,38,2,4,4
38077,38,2,4,4
38079,38,2,4,4
38081,38,2,4,4
38083,38,2,4,4
38085,38,2,4,4
38087,38,2,4,4
38089,38,2,4,4
38091,38,2,4,4
38093,38,2,4,4
38095,38,2,4,4
38097,38,2,4,4
38099,38,2,4,4
38101,38,2,4,4
38103,38,2,4,4
38105,38,2,4,4
39001,39,2,3,11
39003,39,2,3,11
39005,39,2,3,11
39007,39,2,3,11
39009,39,2,3,11
39011,39,2,3,11
39013,39,2,3,11
39015,39,2,3,11
39017,39,2,3,11
39019,39,2,3,11
39021,39,2,3,11
39023,39,2,3,11
39025,39,2,3,11
39027,39,2,3,11
39029,39,2,3,11
39031,39,2,3,11
39033,39,2,3,11
39035,39,2,3,11
39037,39,2,3,11
39039,39,2,3,11
39041,39,2,3,11
39043,39,2,3,11
39045,39,2,3,11
39047,39,2,3,11
39049,39,2,3,11
39051,39,2,3,11
39053,39,2,3,11
39055,39,2,3,11
39057,39,2,3,11
39059,39,2,3,11
39061,39,2,3,11
39063,39,2,3,11
39065,39,2,3,11
39067,39,2,3,11
39069,39,2,3,11
39071,39,2,3,11
39073,39,2,3,11
39075,39,2,3,11
39077,39,2,3,11
39079,39,2,3,11
39081,39,2,3,11
39083,39,2,3,11
39085,39,2,3,11
39087,39,2,3,11
39089,39,2,3,11
39091,39,2,3,11
39093,39,2,3,11
39095,39,2,3,11
39097,39,2,3,11
39099,39,2,3,11
39101,39,2,3,11
39103,39,2,3,11
39105,39,2,3,11
39107,39,2,3,11
39109,39,2,3,11
39111,39,2,3,11
39113,39,2,3,11
39115,39,2,3,11
39117,39,2,3,11
39119,39,2,3,11
39121,39,2,3,11
39123,39,2,3,11
39125,39,2,3,11
39127,39,2,3,11
39129,39,2,3,11
39131,39,2,3,11
39133,39,2,3,11
39135,39,2,3,11
39137,39,2,3,11
39139,39,2,3,11
39141,39,2,3,11
39143,39,2,3,11
39145,39,2,3,11
39147,39,2,3,11
39149,39,2,3,11
39151,39,2,3,11
39153,39,2,3,11
39155,39,2,3,11
39157,39,2,3,11
39159,39,2,3,11
39161,39,2,3,11
39163,39,2,3,11
39165,39,2,3,11
39167,39,2,3,11
39169,39,2,3,11
39171,39,2,3,11
39173,39,2,3,11
39175,39,2,3,11
40001,40,3,7,18
40003,40,3,7,18
40005,40,3,7,18
40007,40,3,7,18
40009,40,3,7,18
40011,40,3,7,18
40013,40,3,7,18
40015,40,3,7,18
40017,40,3,7,18
40019,40,3,7,18
40021,40,3,7,18
40023,40,3,7,18
40025,40,3,7,18
40027,40,3,7,18
40029,40,3,7,18
40031,40,3,7,18
40033,40,3,7,18
40035,40,3,7,18
40037,40,3,7,18
40039,40,3,7,18
40041,40,3,7,18
40043,40,3,7,18
40045,40,3,7,18
40047,40,3,7,18
40049,40,3,7,18
40051,40,3,7,18
40053,40,3,7,18
40055,40,3,7,18
40057,40,3,7,18
40059,40,3,7,18
40061,40,3,7,18
40063,40,3,7,18
40065,40,3,7,18
40067,40,3,7,18
40069,40,3,7,18
40071,40,3,7,18
40073,40,3,7,18
40075,40,3,7,18
40077,40,3,7,18
40079,40,3,7,18
40081,40,3,7,18
40083,40,3,7,18
40085,40,3,7,18
40087,40,3,7,18
40089,40,3,7,18
40091,40,3,7,18
40093,40,3,7,18
40095,40,3,7,18
40097,40,3,7,18
40099,40,3,7,18
40101,40,3,7,18
40103,40,3,7,18
40105,40,3,7,18
40107,40,3,7,18
40109,40,3,7,18
40111,40,3,7,18
40113,40,3,7,18
40115,40,3,7,18
40117,40,3,7,18
40119,40,3,7,18
40121,40,3,7,18
40123,40,3,7,18
40125,40,3,7,18
40127,40,3,7,18
40129,40,3,7,18
40131,40,3,7,18
40133,40,3,7,18
40135,40,3,7,18
40137,40,3,7,18
40139,40,3,7,18
40141,40,3,7,18
40143,40,3,7,18
40145,40,3,7,18
40147,40,3,7,18
40149,40,3,7,18
40151,40,3,7,18
40153,40,3,7,18
41001,41,4,9,21
41003,41,4,9,21
41005,41,4,9,21
41007,41,4,9,21
41009,41,4,9,21
41011,41,4,9,21
41013,41,4,9,21
41015,41,4,9,21
41017,41,4,9,21
41019,41,4,9,21
41021,41,4,9,21
41023,41,4,9,21
41025,41,4,9,21
41027,41,4,9,21
41029,41,4,9,21
41031,41,4,9,21
41033,41,4,9,21
41035,41,4,9,21
41037,41,4,9,21
41039,41,4,9,21
41041,41,4,9,21
41043,41,4,9,21
41045,41,4,9,21
41047,41,4,9,21
41049,41,4,9,21
41051,41,4,9,21
41053,41,4,9,21
41055,41,4,9,21
41057,41,4,9,21
41059,41,4,9,21
41061,41,4,9,21
41063,41,4,9,21
41065,41,4,9,21
41067,41,4,9,21
41069,41,4,9,21
41071,41,4,9,21
42001,42,1,2,9
42003,42,1,2,11
42005,42,1,2,9
42007,42,1,2,11
42009,42,1,2,11
42011,42,1,2,9
42013,42,1,2,9
42015,42,1,2,9
42017,42,1,2,9
42019,42,1,2,11
42021,42,1,2,9
42023,42,1,2,11
42025,42,1,2,9
42027,42,1,2,11
42029,42,1,2,9
42031,42,1,2,9
42033,42,1,2,9
42035,42,1,2,11
42037,42,1,2,9
42039,42,1,2,9
42041,42,1,2,9
42043,42,1,2,9
42045,42,1,2,9
42047,42,1,2,9
42049,42,1,2,9
42051,42,1,2,11
42053,42,1,2,9
42055,42,1,2,9
42057,42,1,2,11
42059,42,1,2,11
42061,42,1,2,9
42063,42,1,2,9
42065,42,1,2,9
42067,42,1,2,9
42069,42,1,2,9
42071,42,1,2,9
42073,42,1,2,11
42075,42,1,2,9
42077,42,1,2,9
42079,42,1,2,9
42081,42,1,2,11
42083,42,1,2,9
42085,42,1,2,11
42087,42,1,2,9
42089,42,1,2,9
42091,42,1,2,9
42093,42,1,2,9
42095,42,1,2,9
42097,42,1,2,9
42099,42,1,2,9
42101,42,1,2,9
42103,42,1,2,9
42105,42,1,2,11
42107,42,1,2,9
42109,42,1,2,9
42111,42,1,2,9
42113,42,1,2,9
42115,42,1,2,9
42117,42,1,2,9
42119,42,1,2,9
42121,42,1,2,9
42123,42,1,2,9
42125,42,1,2,11
42127,42,1,2,9
42129,42,1,2,11
42131,42,1,2,9
42133,42,1,2,9
44001,44,1,1,5
44003,44,1,1,5
44005,44,1,1,5
44007,44,1,1,5
44009,44,1,1,5
45001,45,3,5,16
45003,45,3,5,16
45005,45,3,5,16
45007,45,3,5,16
45009,45,3,5,16
45011,45,3,5,16
45013,45,3,5,16
45015,45,3,5,16
45017,45,3,5,16
45019,45,3,5,16
45021,45,3,5,16
45023,45,3,5,16
45025,45,3,5,16
45027,45,3,5,16
45029,45,3,5,16
45031,45,3,5,16
45033,45,3,5,16
45035,45,3,5,16
45037,45,3,5,16
45039,45,3,5,16
45041,45,3,5,16
45043,45,3,5,16
45045,45,3,5,16
45047,45,3,5,16
45049,45,3,5,16
45051,45,3,5,16
45053,45,3,5,16
45055,45,3,5,16
45057,45,3,5,16
45059,45,3,5,16
45061,45,3,5,16
45063,45,3,5,16
45065,45,3,5,16
45067,45,3,5,16
45069,45,3,5,16
45071,45,3,5,16
45073,45,3,5,16
45075,45,3,5,16
45077,45,3,5,16
45079,45,3,5,16
45081,45,3,5,16
45083,45,3,5,16
45085,45,3,5,16
45087,45,3,5,16
45089,45,3,5,16
45091,45,3,5,16
46003,46,2,4,4
46005,46,2,4,4
46007,46,2,4,4
46009,46,2,4,4
46011,46,2,4,4
46013,46,2,4,4
46015,46,2,4,4
46017,46,2,4,4
46019,46,2,4,22
46021,46,2,4,4
46023,46,2,4,4
46025,46,2,4,4
46027,46,2,4,4
46029,46,2,4,4
46031,46,2,4,4
46033,46,2,4,22
46035,46,2,4,4
46037,46,2,4,4
46039,46,2,4,4
46041,46,2,4,4
46043,46,2,4,4
46045,46,2,4,4
46047,46,2,4,22
46049,46,2,4,4
46051,46,2,4,4
46053,46,2,4,4
46055,46,2,4,4
46057,46,2,4,4
46059,46,2,4,4
46061,46,2,4,4
46063,46,2,4,4
46065,46,2,4,4
46067,46,2,4,4
46069,46,2,4,4
46071,46,2,4,4
46073,46,2,4,4
46075,46,2,4,4
46077,46,2,4,4
46079,46,2,4,4
46081,46,2,4,22
46083,46,2,4,4
46085,46,2,4,4
46087,46,2,4,4
46089,46,2,4,4
46091,46,2,4,4
46093,46,2,4,4
46095,46,2,4,4
46097,46,2,4,4
46099,46,2,4,4
46101,46,2,4,4
46103,46,2,4,4
46105,46,2,4,4
46107,46,2,4,4
46109,46,2,4,4
46111,46,2,4,4
46113,46,2,4,4
46115,46,2,4,4
46117,46,2,4,4
46119,46,2,4,4
46121,46,2,4,4
46123,46,2,4,4
46125,46,2,4,4
46127,46,2,4,4
46129,46,2,4,4
46135,46,2,4,4
46137,46,2,4,4
47001,47,3,6,15
47003,47,3,6,15
47005,47,3,6,15
47007,47,3,6,15
47009,47,3,6,15
47011,47,3,6,15
47013,47,3,6,15
47015,47,3,6,15
47017,47,3,6,15
47019,47,3,6,15
47021,47,3,6,15
47023,47,3,6,15
47025,47,3,6,15
47027,47,3,6,15
47029,47,3,6,15
47031,47,3,6,15
47033,47,3,6,15
47035,47,3,6,15
47037,47,3,6,15
47039,47,3,6,15
47041,47,3,6,15
47043,47,3,6,15
47045,47,3,6,15
47047,47,3,6,15
47049,47,3,6,15
47051,47,3,6,15
47053,47,3,6,15
47055,47,3,6,15
47057,47,3,6,15
47059,47,3,6,15
47061,47,3,6,15
47063,47,3,6,15
47065,47,3,6,15
47067,47,3,6,15
47069,47,3,6,15
47071,47,3,6,15
47073,47,3,6,15
47075,47,3,6,15
47077,47,3,6,15
47079,47,3,6,15
47081,47,3,6,15
47083,47,3,6,15
47085,47,3,6,15
47087,47,3,6,15
47089,47,3,6,15
47091,47,3,6,15
47093,47,3,6,15
47095,47,3,6,15
47097,47,3,6,15
47099,47,3,6,15
47101,47,3,6,15
47103,47,3,6,15
47105,47,3,6,15
47107,47,3,6,15
47109,47,3,6,15
47111,47,3,6,15
47113,47,3,6,15
47115,47,3,6,15
47117,47,3,6,15
47119,47,3,6,15
47121,47,3,6,15
47123,47,3,6,15
47125,47,3,6,15
47127,47,3,6,15
47129,47,3,6,15
47131,47,3,6,15
47133,47,3,6,15
47135,47,3,6,15
47137,47,3,6,15
47139,47,3,6,15
47141,47,3,6,15
47143,47,3,6,15
47145,47,3,6,15
47147,47,3,6,15
47149,47,3,6,15
47151,47,3,6,15
47153,47,3,6,15
47155,47,3,6,15
47157,47,3,6,15
47159,47,3,6,15
47161,47,3,6,15
47163,47,3,6,15
47165,47,3,6,15
47167,47,3,6,15
47169,47,3,6,15
47171,47,3,6,16
47173,47,3,6,15
47175,47,3,6,15
47177,47,3,6,15
47179,47,3,6,15
47181,47,3,6,15
47183,47,3,6,15
47185,47,3,6,15
47187,47,3,6,15
47189,47,3,6,15
48001,48,3,7,1
48003,48,3,7,1
48005,48,3,7,12
48007,48,3,7,1
48009,48,3,7,1
48011,48,3,7,18
48013,48,3,7,1
48015,48,3,7,1
48017,48,3,7,18
48019,48,3,7,1
48021,48,3,7,1
48023,48,3,7,1
48025,48,3,7,1
48027,48,3,7,1
48029,48,3,7,1
48031,48,3,7,1
48033,48,3,7,1
48035,48,3,7,1
48037,48,3,7,18
48039,48,3,7,1
48041,48,3,7,1
48043,48,3,7,1
48045,48,3,7,18
48047,48,3,7,1
48049,48,3,7,1
48051,48,3,7,1
48053,48,3,7,1
48055,48,3,7,1
48057,48,3,7,1
48059,48,3,7,1
48061,48,3,7,1
48063,48,3,7,18
48065,48,3,7,18
48067,48,3,7,18
48069,48,3,7,18
48071,48,3,7,12
48073,48,3,7,1
48075,48,3,7,18
48077,48,3,7,1
48079,48,3,7,18
48081,48,3,7,1
48083,48,3,7,1
48085,48,3,7,1
48087,48,3,7,18
48089,48,3,7,1
48091,48,3,7,1
48093,48,3,7,1
48095,48,3,7,1
48097,48,3,7,1
48099,48,3,7,1
48101,48,3,7,1
48103,48,3,7,1
48105,48,3,7,1
48107,48,3,7,18
48109,48,3,7,1
48111,48,3,7,18
48113,48,3,7,1
48115,48,3,7,1
48117,48,3,7,18
48119,48,3,7,18
48121,48,3,7,1
48123,48,3,7,1
48125,48,3,7,1
48127,48,3,7,1
48129,48,3,7,1
48131,48,3,7,1
48133,48,3,7,1
48135,48,3,7,1
48137,48,3,7,1
48139,48,3,7,1
48141,48,3,7,19
48143,48,3,7,1
48145,48,3,7,1
48147,48,3,7,1
48149,48,3,7,1
48151,48,3,7,1
48153,48,3,7,18
48155,48,3,7,18
48157,48,3,7,1
48159,48,3,7,1
48161,48,3,7,1
48163,48,3,7,1
48165,48,3,7,18
48167,48,3,7,1
48169,48,3,7,1
48171,48,3,7,1
48173,48,3,7,1
48175,48,3,7,1
48177,48,3,7,1
48179,48,3,7,18
48181,48,3,7,1
48183,48,3,7,18
48185,48,3,7,1
48187,48,3,7,1
48189,48,3,7,18
48191,48,3,7,18
48193,48,3,7,1
48195,48,3,7,18
48197,48,3,7,1
48199,48,3,7,12
48201,48,3,7,1
48203,48,3,7,18
48205,48,3,7,18
48207,48,3,7,1
48209,48,3,7,1
48211,48,3,7,18
48213,48,3,7,1
48215,48,3,7,1
48217,48,3,7,1
48219,48,3,7,18
48221,48,3,7,1
48223,48,3,7,18
48225,48,3,7,1
48227,48,3,7,1
48229,48,3,7,1
48231,48,3,7,1
48233,48,3,7,18
48235,48,3,7,1
48237,48,3,7,1
48239,48,3,7,1
48241,48,3,7,12
48243,48,3,7,1
48245,48,3,7,12
48247,48,3,7,1
48249,48,3,7,1
48251,48,3,7,1
48253,48,3,7,1
48255,48,3,7,1
48257,48,3,7,1
48259,48,3,7,1
48261,48,3,7,1
48263,48,3,7,1
48265,48,3,7,1
48267,48,3,7,1
48269,48,3,7,1
48271,48,3,7,1
48273,48,3,7,1
48275,48,3,7,1
48277,48,3,7,1
48279,48,3,7,18
48281,48,3,7,1
48283,48,3,7,1
48285,48,3,7,1
48287,48,3,7,1
48289,48,3,7,1
48291,48,3,7,12
48293,48,3,7,1
48295,48,3,7,18
48297,48,3,7,1
48299,48,3,7,1
48301,48,3,7,18
48303,48,3,7,18
48305,48,3,7,1
48307,48,3,7,1
48309,48,3,7,1
48311,48,3,7,1
48313,48,3,7,1
48315,48,3,7,18
48317,48,3,7,1
48319,48,3,7,1
48321,48,3,7,1
48323,48,3,7,1
48325,48,3,7,1
48327,48,3,7,1
48329,48,3,7,1
48331,48,3,7,1
48333,48,3,7,1
48335,48,3,7,1
48337,48,3,7,1
48339,48,3,7,1
48341,48,3,7,18
48343,48,3,7,18
48345,48,3,7,1
48347,48,3,7,1
48349,48,3,7,1
48351,48,3,7,1
48353,48,3,7,1
48355,48,3,7,1
48357,48,3,7,18
48359,48,3,7,18
48361,48,3,7,12
48363,48,3,7,1
48365,48,3,7,1
48367,48,3,7,1
48369,48,3,7,18
48371,48,3,7,1
48373,48,3,7,12
48375,48,3,7,18
48377,48,3,7,1
48379,48,3,7,1
48381,48,3,7,18
48383,48,3,7,1
48385,48,3,7,1
48387,48,3,7,1
48389,48,3,7,1
48391,48,3,7,1
48393,48,3,7,18
48395,48,3,7,1
48397,48,3,7,1
48399,48,3,7,1
48401,48,3,7,18
48403,48,3,7,1
48405,48,3,7,1
48407,48,3,7,12
48409,48,3,7,1
48411,48,3,7,1
48413,48,3,7,1
48415,48,3,7,1
48417,48,3,7,1
48419,48,3,7,1
48421,48,3,7,18
48423,48,3,7,1
48425,48,3,7,1
48427,48,3,7,1
48429,48,3,7,1
48431,48,3,7,1
48433,48,3,7,1
48435,48,3,7,1
48437,48,3,7,18
48439,48,3,7,1
48441,48,3,7,1
48443,48,3,7,1
48445,48,3,7,18
48447,48,3,7,1
48449,48,3,7,18
48451,48,3,7,1
48453,48,3,7,1
48455,48,3,7,12
48457,48,3,7,1
48459,48,3,7,18
48461,48,3,7,1
48463,48,3,7,1
48465,48,3,7,1
48467,48,3,7,1
48469,48,3,7,1
48471,48,3,7,1
48473,48,3,7,1
48475,48,3,7,1
48477,48,3,7,12
48479,48,3,7,1
48481,48,3,7,1
48483,48,3,7,18
48485,48,3,7,1
48487,48,3,7,18
48489,48,3,7,1
48491,48,3,7,1
48493,48,3,7,1
48495,48,3,7,18
48497,48,3,7,1
48499,48,3,7,18
48501,48,3,7,18
48503,48,3,7,1
48505,48,3,7,1
48507,48,3,7,1
49001,49,4,8,21
49003,49,4,8,21
49005,49,4,8,21
49007,49,4,8,21
49009,49,4,8,22
49011,49,4,8,21
49013,49,4,8,21
49015,49,4,8,21
49017,49,4,8,21
49019,49,4,8,21
49021,49,4,8,21
49023,49,4,8,21
49025,49,4,8,21
49027,49,4,8,21
49029,49,4,8,21
49031,49,4,8,21
49033,49,4,8,21
49035,49,4,8,21
49037,49,4,8,21
49039,49,4,8,21
49041,49,4,8,21
49043,49,4,8,21
49045,49,4,8,21
49047,49,4,8,21
49049,49,4,8,21
49051,49,4,8,21
49053,49,4,8,21
49055,49,4,8,21
49057,49,4,8,21
50001,50,1,1,5
50003,50,1,1,5
50005,50,1,1,5
50007,50,1,1,5
50009,50,1,1,5
50011,50,1,1,5
50013,50,1,1,5
50015,50,1,1,5
50017,50,1,1,5
50019,50,1,1,5
50021,50,1,1,5
50023,50,1,1,5
50025,50,1,1,5
50027,50,1,1,5
51001,51,3,5,9
51003,51,3,5,11
51005,51,3,5,16
51007,51,3,5,16
51009,51,3,5,11
51011,51,3,5,16
51013,51,3,5,16
51015,51,3,5,16
51017,51,3,5,16
51019,51,3,5,16
51021,51,3,5,11
51023,51,3,5,16
51025,51,3,5,16
51027,51,3,5,11
51029,51,3,5,16
51031,51,3,5,16
51033,51,3,5,16
51035,51,3,5,11
51036,51,3,5,16
51037,51,3,5,16
51041,51,3,5,16
51043,51,3,5,11
51045,51,3,5,16
51047,51,3,5,16
51049,51,3,5,16
51051,51,3,5,11
51053,51,3,5,16
51057,51,3,5,16
51059,51,3,5,16
51061,51,3,5,16
51063,51,3,5,11
51065,51,3,5,16
51067,51,3,5,11
51069,51,3,5,11
51071,51,3,5,11
51073,51,3,5,16
51075,51,3,5,16
51077,51,3,5,11
51079,51,3,5,16
51081,51,3,5,16
51083,51,3,5,16
51085,51,3,5,16
51087,51,3,5,16
51089,51,3,5,11
51091,51,3,5,16
51093,51,3,5,16
51095,51,3,5,16
51097,51,3,5,16
51099,51,3,5,16
51101,51,3,5,16
51103,51,3,5,16
51105,51,3,5,15
51107,51,3,5,16
51109,51,3,5,16
51111,51,3,5,16
51113,51,3,5,16
51115,51,3,5,16
51117,51,3,5,16
51119,51,3,5,16
51121,51,3,5,16
51125,51,3,5,11
51127,51,3,5,16
51131,51,3,5,9
51133,51,3,5,16
51135,51,3,5,16
51137,51,3,5,16
51139,51,3,5,11
51141,51,3,5,11
51143,51,3,5,16
51145,51,3,5,16
51147,51,3,5,16
51149,51,3,5,16
51153,51,3,5,16
51155,51,3,5,11
51157,51,3,5,16
51159,51,3,5,16
51161,51,3,5,16
51163,51,3,5,16
51165,51,3,5,16
51167,51,3,5,11
51169,51,3,5,11
51171,51,3,5,16
51173,51,3,5,11
51175,51,3,5,16
51177,51,3,5,16
51179,51,3,5,16
51181,51,3,5,16
51183,51,3,5,16
51185,51,3,5,11
51187,51,3,5,11
51191,51,3,5,11
51193,51,3,5,16
51195,51,3,5,15
51197,51,3,5,11
51199,51,3,5,16
51510,51,3,5,16
51515,51,3,5,16
51520,51,3,5,15
51530,51,3,5,16
51540,51,3,5,11
51550,51,3,5,16
51570,51,3,5,16
51580,51,3,5,16
51590,51,3,5,11
51595,51,3,5,16
51600,51,3,5,16
51610,51,3,5,16
51620,51,3,5,16
51630,51,3,5,16
51640,51,3,5,11
51650,51,3,5,16
51660,51,3,5,16
51670,51,3,5,16
51678,51,3,5,16
51680,51,3,5,11
51683,51,3,5,16
51685,51,3,5,16
51690,51,3,5,11
51700,51,3,5,16
51710,51,3,5,16
51720,51,3,5,15
51730,51,3,5,16
51735,51,3,5,16
51740,51,3,5,16
51750,51,3,5,11
51760,51,3,5,16
51770,51,3,5,11
51775,51,3,5,16
51790,51,3,5,16
51800,51,3,5,16
51810,51,3,5,16
51820,51,3,5,11
51830,51,3,5,16
51840,51,3,5,11
53001,53,4,9,21
53003,53,4,9,21
53005,53,4,9,21
53007,53,4,9,21
53009,53,4,9,21
53011,53,4,9,21
53013,53,4,9,21
53015,53,4,9,21
53017,53,4,9,21
53019,53,4,9,21
53021,53,4,9,21
53023,53,4,9,21
53025,53,4,9,21
53027,53,4,9,21
53029,53,4,9,21
53031,53,4,9,21
53033,53,4,9,21
53035,53,4,9,21
53037,53,4,9,21
53039,53,4,9,21
53041,53,4,9,21
53043,53,4,9,21
53045,53,4,9,21
53047,53,4,9,21
53049,53,4,9,21
53051,53,4,9,21
53053,53,4,9,21
53055,53,4,9,21
53057,53,4,9,21
53059,53,4,9,21
53061,53,4,9,21
53063,53,4,9,21
53065,53,4,9,21
53067,53,4,9,21
53069,53,4,9,21
53071,53,4,9,21
53073,53,4,9,21
53075,53,4,9,21
53077,53,4,9,21
54001,54,3,5,11
54003,54,3,5,11
54005,54,3,5,11
54007,54,3,5,11
54009,54,3,5,11
54011,54,3,5,11
54013,54,3,5,11
54015,54,3,5,11
54017,54,3,5,11
54019,54,3,5,11
54021,54,3,5,11
54023,54,3,5,11
54025,54,3,5,11
54027,54,3,5,11
54029,54,3,5,11
54031,54,3,5,11
54033,54,3,5,11
54035,54,3,5,11
54037,54,3,5,11
54039,54,3,5,11
54041,54,3,5,11
54043,54,3,5,11
54045,54,3,5,11
54047,54,3,5,11
54049,54,3,5,11
54051,54,3,5,11
54053,54,3,5,11
54055,54,3,5,11
54057,54,3,5,11
54059,54,3,5,11
54061,54,3,5,11
54063,54,3,5,11
54065,54,3,5,11
54067,54,3,5,11
54069,54,3,5,11
54071,54,3,5,11
54073,54,3,5,11
54075,54,3,5,11
54077,54,3,5,11
54079,54,3,5,11
54081,54,3,5,11
54083,54,3,5,11
54085,54,3,5,11
54087,54,3,5,11
54089,54,3,5,11
54091,54,3,5,11
54093,54,3,5,11
54095,54,3,5,11
54097,54,3,5,11
54099,54,3,5,11
54101,54,3,5,11
54103,54,3,5,11
54105,54,3,5,11
54107,54,3,5,11
54109,54,3,5,11
55001,55,2,3,3
55003,55,2,3,4
55005,55,2,3,4
55007,55,2,3,4
55009,55,2,3,3
55011,55,2,3,4
55013,55,2,3,4
55015,55,2,3,3
55017,55,2,3,4
55019,55,2,3,4
55021,55,2,3,3
55023,55,2,3,4
55025,55,2,3,3
55027,55,2,3,3
55029,55,2,3,3
55031,55,2,3,4
55033,55,2,3,4
55035,55,2,3,4
55037,55,2,3,11
55039,55,2,3,3
55041,55,2,3,11
55043,55,2,3,3
55045,55,2,3,3
55047,55,2,3,3
55049,55,2,3,3
55051,55,2,3,4
55053,55,2,3,4
55055,55,2,3,11
55057,55,2,3,4
55059,55,2,3,11
55061,55,2,3,3
55063,55,2,3,4
55065,55,2,3,3
55067,55,2,3,3
55069,55,2,3,3
55071,55,2,3,3
55073,55,2,3,3
55075,55,2,3,3
55077,55,2,3,3
55078,55,2,3,3
55079,55,2,3,11
55081,55,2,3,4
55083,55,2,3,3
55085,55,2,3,3
55087,55,2,3,11
55089,55,2,3,11
55091,55,2,3,4
55093,55,2,3,4
55095,55,2,3,4
55097,55,2,3,3
55099,55,2,3,4
55101,55,2,3,11
55103,55,2,3,3
55105,55,2,3,3
55107,55,2,3,4
55109,55,2,3,4
55111,55,2,3,3
55113,55,2,3,4
55115,55,2,3,3
55117,55,2,3,11
55119,55,2,3,4
55121,55,2,3,4
55123,55,2,3,4
55125,55,2,3,3
55127,55,2,3,11
55129,55,2,3,4
55131,55,2,3,11
55133,55,2,3,11
55135,55,2,3,3
55137,55,2,3,3
55139,55,2,3,3
55141,55,2,3,3
56001,56,4,8,22
56003,56,4,8,21
56005,56,4,8,22
56007,56,4,8,22
56009,56,4,8,21
56011,56,4,8,22
56013,56,4,8,21
56015,56,4,8,22
56017,56,4,8,22
56019,56,4,8,21
56021,56,4,8,21
56023,56,4,8,21
56025,56,4,8,21
56027,56,4,8,22
56029,56,4,8,21
56031,56,4,8,22
56033,56,4,8,22
56035,56,4,8,21
56037,56,4,8,21
56039,56,4,8,21
56041,56,4,8,22
56043,56,4,8,21
56045,56,4,8,22
