Sector,emis,region_cd,region,emis_base,emis_2020,emis_2030,emis_2040,emis_2050,GF_2020,GF_2030,GF_2040,GF_2050
commercial,BC,3,east north central,0.013042430649711,0.012939779249757,0.012939779249757,0.012939779249757,0.012939779249757,0.992129427197202,0.992129427197202,0.992129427197202,0.992129427197202
residential,BC,3,east north central,0,0,0,0,0,NA,NA,NA,NA
commercial,CH4,3,east north central,0.914806833333333,0.640315,0.640729,0.663066,0.701104,0.699945580496867,0.700398135052555,0.72481531164776,0.766395674423799
residential,CH4,3,east north central,1.473295127,1.404078383,1.328079022,1.254737278,1.203580776,0.953019091198012,0.901434476814094,0.851653721651114,0.816931213538182
commercial,CO,3,east north central,28.7747854555852,18.9400041325975,19.4890932595343,20.609847833472,22.3083855668427,0.65821530318035,0.67729760451616,0.716246794099785,0.77527547864002
residential,CO,3,east north central,330.75503158667,256.236704271761,216.851195428742,185.839821686243,163.966786216654,0.774702362175912,0.6556247818468,0.561865441002511,0.495734820510776
commercial,CO2,3,east north central,0.914806833333333,0.640315,0.640729,0.663066,0.701104,0.699945580496867,0.700398135052555,0.72481531164776,0.766395674423799
residential,CO2,3,east north central,1.473295127,1.404078383,1.328079022,1.254737278,1.203580776,0.953019091198012,0.901434476814094,0.851653721651114,0.816931213538182
commercial,NOX,3,east north central,47.6068261766207,29.7942020710831,29.8521278765194,30.9120768433298,32.6993269578557,0.6258388652196,0.627055619414082,0.649320261944082,0.686862149485488
residential,NOX,3,east north central,69.1229427535456,64.7933723252591,60.7062533596694,56.933812492883,54.2855432881815,0.937364205633961,0.878235950921743,0.823660136922667,0.785347688129163
commercial,OC,3,east north central,0.026084861278839,0.025879558479093,0.025879558479093,0.025879558479093,0.025879558479093,0.992129427197201,0.992129427197201,0.992129427197201,0.992129427197201
residential,OC,3,east north central,0,0,0,0,0,NA,NA,NA,NA
commercial,PM10.PRI,3,east north central,2.56240942581851,2.26634006626801,2.25337152326353,2.31603153887448,2.43067466207224,0.884456653738725,0.879395580018885,0.90384913337363,0.948589494551912
residential,PM10.PRI,3,east north central,41.9206865139361,31.9151466115753,26.7010755170021,22.6255611115949,19.748802084815,0.761322136291003,0.636942706272847,0.539723057829057,0.471099204881813
commercial,PM25.PRI,3,east north central,2.53872487581402,2.2433682866614,2.23109751557004,2.29443912691711,2.40960804205817,0.88365947331811,0.878826034607102,0.903776202287936,0.949141068815324
residential,PM25.PRI,3,east north central,36.0452062801717,27.4402188488956,22.9559032329257,19.4509182821132,16.9768370976769,0.761272348827986,0.636864249145763,0.539625661479792,0.470987375289784
commercial,SO2,3,east north central,3.8122991597597,2.78581601760943,2.67744013334283,2.58524205387728,2.53213468364632,0.730744335862938,0.702316376847928,0.678132000018656,0.664201464138489
residential,SO2,3,east north central,3.46039476454546,2.94610545993251,2.44624173667112,2.06125675044881,1.77163798956669,0.851378429454854,0.70692562644437,0.595670982850874,0.511975687779484
commercial,VOC,3,east north central,2.32414958895265,1.62402996863664,1.6279713519733,1.68436510016703,1.77865820879757,0.698763098707641,0.700458937630999,0.724723188289301,0.765294203631316
residential,VOC,3,east north central,71.3162467645536,54.8543983024364,46.2131218725549,39.4293539600608,34.643769336335,0.769171132680817,0.648002719844817,0.552880384889498,0.485776676536405
commercial,BC,6,east south central,0.00286103814419117,0.002923663946838,0.002923663946838,0.002923663946838,0.002923663946838,1.02188918829131,1.02188918829131,1.02188918829131,1.02188918829131
residential,BC,6,east south central,0,0,0,0,0,NA,NA,NA,NA
commercial,CH4,6,east south central,0.523673333333333,0.13244,0.134603,0.139074,0.149027,0.252905755496429,0.257036193046556,0.265573958320072,0.284580081730341
residential,CH4,6,east south central,0.228052492166666,0.203369787,0.1867938,0.170224613,0.159478935,0.891767439451494,0.819082476255013,0.746427330755043,0.699308012312573
commercial,CO,6,east south central,19.3113338824098,4.19517933651618,4.2643029264033,4.36017705502774,4.66258091362267,0.21723923174139,0.220818662883124,0.225783318831192,0.241442716593994
residential,CO,6,east south central,152.336287041825,106.54969805578,79.9971560873941,56.4591632143909,37.5706179677118,0.699437409988376,0.525135262522384,0.370621893908242,0.24662947152832
commercial,CO2,6,east south central,0.523673333333333,0.13244,0.134603,0.139074,0.149027,0.252905755496429,0.257036193046556,0.265573958320072,0.284580081730341
residential,CO2,6,east south central,0.228052492166666,0.203369787,0.1867938,0.170224613,0.159478935,0.891767439451494,0.819082476255013,0.746427330755043,0.699308012312573
commercial,NOX,6,east south central,33.6253567863929,6.34352042564709,6.47504866711655,6.6874989050746,7.15541258765147,0.188652880798996,0.192564459858365,0.198882615508211,0.212798116406813
residential,NOX,6,east south central,12.5112811636742,10.5859155561364,9.32572524690805,8.14175558483356,7.29856445561987,0.846109636387363,0.745385314653849,0.650753146566052,0.583358679270262
commercial,OC,6,east south central,0.00572207628386717,0.005847327889062,0.005847327889062,0.005847327889062,0.005847327889062,1.02188918829131,1.02188918829131,1.02188918829131,1.02188918829131
residential,OC,6,east south central,0,0,0,0,0,NA,NA,NA,NA
commercial,PM10.PRI,6,east south central,0.674022082340553,0.459843940197289,0.462290650558045,0.47580215728547,0.507241663416834,0.682238686602779,0.685868701738574,0.705914790852607,0.752559414159591
residential,PM10.PRI,6,east south central,20.2423873816547,14.0641483203829,10.4875161266844,7.32100102120806,4.77439047827339,0.694787035501999,0.518096799994502,0.361666876696716,0.235861036954581
commercial,PM25.PRI,6,east south central,0.662083627040681,0.452045023833654,0.454793945843341,0.468597179351179,0.500257727885318,0.68276121832851,0.686913144002875,0.707761316264035,0.755580877481177
residential,PM25.PRI,6,east south central,17.4073708784931,12.0941114938286,9.01829336039219,6.29517919005851,4.10514429881056,0.694769565045057,0.518073258928168,0.361638712359271,0.235827933320045
commercial,SO2,6,east south central,3.4096023856353,1.0857120432106,1.04142691492694,0.996101555816801,0.96730370323208,0.318427757965188,0.30543940235216,0.292145958136758,0.283699855240407
residential,SO2,6,east south central,0.655869178612333,0.490055306028656,0.412048633347048,0.343323484498135,0.288212854149918,0.747184533149582,0.628248203733018,0.523463360825291,0.439436496710685
commercial,VOC,6,east south central,1.34419383184188,0.336065397929161,0.342075060051724,0.353337893419425,0.377830006328864,0.250012602325862,0.254483432335793,0.262862308284262,0.28108297879268
residential,VOC,6,east south central,33.5220630502203,23.3808953006374,17.5034739783691,12.2960838155234,8.11348298116635,0.697477815300624,0.522147874733923,0.366805700386112,0.242034118515061
electric power,BC,2,florida reliability coordinating council,2.11691004664417,1.81728545599051,1.5250140361015,1.55686118705168,1.59614600955691,0.858461349773158,0.720396239093402,0.73544040736152,0.753998032220218
electric power,CH4,2,florida reliability coordinating council,7.79899416666669,6.951945,7.74372,8.084275,8.25306,0.891389947400266,0.992912654441655,1.03657918280701,1.058221076158
electric power,CO,2,florida reliability coordinating council,106.049153863894,96.3954951191105,107.955166998782,112.795271307311,115.159479821571,0.908969959749292,1.01797292166361,1.06361311898891,1.08590663504368
electric power,CO2,2,florida reliability coordinating council,7.79899416666669,6.951945,7.74372,8.084275,8.25306,0.891389947400266,0.992912654441655,1.03657918280701,1.058221076158
electric power,OC,2,florida reliability coordinating council,4.38084297439539,3.85565568757303,3.36593237995339,3.45180147090141,3.53702129407229,0.880117299366376,0.768329839628166,0.787930882498203,0.80738371923966
electric power,PM10.PRI,2,florida reliability coordinating council,73.180810989495,61.1274036178632,47.791829050354,48.8295266268429,50.0223805993569,0.835292787704115,0.653065037188704,0.667244950781597,0.68354504306515
electric power,PM25.PRI,2,florida reliability coordinating council,49.5770271608112,42.9581715242201,36.0842075752733,36.8585115011486,37.79051470367,0.86649349475672,0.727841293473049,0.743459493478542,0.76225858765372
electric power,VOC,2,florida reliability coordinating council,9.14661153498443,8.2592948901359,9.10226826890293,9.48072963315159,9.68524517313661,0.902989578003321,0.99515194606091,1.03652916677277,1.05888887224433
commercial,BC,2,middle atlantic,0.0110585761763202,0.014925640283435,0.014925640283435,0.014925640283435,0.014925640283435,1.34968915034427,1.34968915034427,1.34968915034427,1.34968915034427
residential,BC,2,middle atlantic,0,0,0,0,0,NA,NA,NA,NA
commercial,CH4,2,middle atlantic,0.825369333333334,0.763561,0.803326,0.882372,0.990393,0.92511433265431,0.973292764289764,1.06906322341352,1.19993917874341
residential,CH4,2,middle atlantic,1.17652845233333,1.144473764,1.073018152,1.001097704,0.951928001,0.972754854955049,0.91202057193938,0.850891197756066,0.809099005733438
commercial,CO,2,middle atlantic,25.6148232374034,24.7183358561861,27.3122530873412,31.4367390631393,36.4877026968008,0.965001227105553,1.06626748247316,1.22728698034639,1.42447606835407
residential,CO,2,middle atlantic,215.967663002669,175.565010569403,149.595915189356,127.348950571967,112.18221337727,0.812922676147279,0.692677380999896,0.589666752889729,0.519439863438649
commercial,CO2,2,middle atlantic,0.825369333333334,0.763561,0.803326,0.882372,0.990393,0.92511433265431,0.973292764289764,1.06906322341352,1.19993917874341
residential,CO2,2,middle atlantic,1.17652845233333,1.144473764,1.073018152,1.001097704,0.951928001,0.972754854955049,0.91202057193938,0.850891197756066,0.809099005733438
commercial,NOX,2,middle atlantic,42.2560513688298,36.4445838689964,38.4209561817386,42.0095014378038,47.0334673170408,0.86247017145288,0.909241515407656,0.994165334359475,1.11305874054609
residential,NOX,2,middle atlantic,56.9852199768521,54.4145848493336,50.2015325725397,46.2502984967267,43.5179561332745,0.954889441006586,0.880957072604651,0.811619197320183,0.763670933462254
commercial,OC,2,middle atlantic,0.0221171523351882,0.029851280543315,0.029851280543315,0.029851280543315,0.029851280543315,1.34968915034427,1.34968915034427,1.34968915034427,1.34968915034427
residential,OC,2,middle atlantic,0,0,0,0,0,NA,NA,NA,NA
commercial,PM10.PRI,2,middle atlantic,2.80987017953033,3.05055657780692,3.10669207949831,3.31703730421076,3.62313956628894,1.08565747984728,1.10563544968387,1.18049486000282,1.28943308224103
residential,PM10.PRI,2,middle atlantic,28.5772926387555,22.9308458511796,19.227627988308,16.1198985742289,13.9872489500113,0.802414915263234,0.672828886604613,0.564080676850672,0.489453256710621
commercial,PM25.PRI,2,middle atlantic,2.71307956307096,2.93770450298608,3.00173491282829,3.2194465421418,3.53099194986617,1.08279334781501,1.10639398626062,1.18663919258515,1.3014701072273
residential,PM25.PRI,2,middle atlantic,24.6310559277666,19.7673571934374,16.5713292486092,13.8906175353685,12.0505255601947,0.802537952550936,0.672781926085772,0.563947301979431,0.489241126955103
commercial,SO2,2,middle atlantic,16.1832851887362,17.9939585735292,16.712570469249,15.5245322473815,14.6975778734979,1.1118854029745,1.0327056759082,0.959294238859907,0.908194949423968
residential,SO2,2,middle atlantic,32.2886227640972,28.2400057539718,22.3055684062162,17.9661195827197,14.7508007196809,0.874611653779573,0.690818204578812,0.556422604766432,0.456842053235013
commercial,VOC,2,middle atlantic,1.9761424684203,1.82580549056199,1.94001550571123,2.14763668065098,2.42336951705576,0.923924018505365,0.981718442224489,1.08678231198977,1.22631316101059
residential,VOC,2,middle atlantic,46.2809317313816,37.3432306273845,31.6711656946585,26.8288644531057,23.5275880164932,0.806881565049894,0.684324288855734,0.5796958585195,0.508364614460427
industrial,BC,2,midwest,58.554655927904,45.656974040461,37.819184026471,28.449185408052,27.675738232819,0.779732598833414,0.645878340964657,0.485856930712398,0.472647952485538
industrial,CH4,2,midwest,3150.837,3439.629,3445.183,3420.088,3623.073,1.09165564578555,1.0934183520125,1.08545380164064,1.1498763661846
industrial,CO,2,midwest,362.746416832492,408.380550158031,410.617105407543,407.737899547134,423.974070667051,1.12580174802006,1.13196736440034,1.12403012304714,1.16878913476031
industrial,CO2,2,midwest,3150.837,3439.629,3445.183,3420.088,3623.073,1.09165564578555,1.0934183520125,1.08545380164064,1.1498763661846
industrial,NOX,2,midwest,607.031087595014,619.453046619315,584.272545766452,553.807219322965,571.859334736499,1.02046346435652,0.962508441011269,0.912321017226786,0.942059387768983
industrial,OC,2,midwest,8.03371646968617,7.185851376938,6.249200758262,5.086549927474,5.130428497182,0.894461660932716,0.777871708796579,0.633150291856479,0.638612093984245
industrial,PM10.PRI,2,midwest,171.434078248892,144.294051325003,123.572759490674,101.458241058896,103.323363652336,0.841688261744047,0.720817942108734,0.591820728382816,0.602700260693377
industrial,PM25.PRI,2,midwest,79.6716747557179,73.218941103957,65.742075479174,57.947363030087,60.165390764585,0.919008434659549,0.825162464335617,0.727327035709491,0.755166637943267
industrial,SO2,2,midwest,811.626753548562,633.931578044661,516.728660571261,389.408031348354,382.609352311591,0.781062939673946,0.63665799372931,0.479787081495034,0.471410473642917
industrial,VOC,2,midwest,32.4971974205695,41.701201016358,42.87552029834,44.825132375461,47.745085514519,1.28322453400128,1.31936055111021,1.37935378843126,1.46920624866864
electric power,BC,3,midwest reliability council / east,0.834384697954633,0.719874762044645,0.60151765034447,0.600385062044645,0.598169217364575,0.862761222502412,0.720911651207169,0.719554257785884,0.716898594654115
electric power,CH4,3,midwest reliability council / east,1.05342166666667,0.8926,0.87414,0.901175,0.91436,0.847334005217917,0.82981015832533,0.855474145364392,0.86799050079661
electric power,CO,3,midwest reliability council / east,13.1299616029849,11.1111314558895,10.8521194709839,11.2480344510535,11.4462073363878,0.846242494217469,0.826515705005323,0.856669257014161,0.871762437887529
electric power,CO2,3,midwest reliability council / east,1.05342166666667,0.8926,0.87414,0.901175,0.91436,0.847334005217917,0.82981015832533,0.855474145364392,0.86799050079661
electric power,OC,3,midwest reliability council / east,1.57473652275968,1.3580035424531,1.12863182879393,1.12907885976935,1.1263926231796,0.862368734595196,0.716711533949842,0.716995410629504,0.715289578224568
electric power,PM10.PRI,3,midwest reliability council / east,27.8327363459406,23.9902792499341,18.6087998922841,18.5781594918297,18.5121206880892,0.861944688145372,0.668593977285969,0.667493100962723,0.665120398440064
electric power,PM25.PRI,3,midwest reliability council / east,19.4284983288789,16.7643217984568,13.9336504630047,13.9111182382189,13.8619090293563,0.862872750877406,0.717175883958746,0.716016132731224,0.713483296274717
electric power,VOC,3,midwest reliability council / east,1.52136370776361,1.29695301516398,1.27556279014805,1.30351889947658,1.3161846476498,0.852493725560528,0.838433823311793,0.856809514269759,0.865134774106435
electric power,BC,4,midwest reliability council / west,5.45268087395376,4.79324544701241,4.05288948423357,4.08230585227727,4.07076069801766,0.879062163697984,0.74328382275099,0.748678667731599,0.746561332327878
electric power,CH4,4,midwest reliability council / west,6.61956833333335,5.84706,5.998215,6.18339,6.221835,0.883299288649484,0.906133859181651,0.934107737639486,0.939915518156896
electric power,CO,4,midwest reliability council / west,82.7852197444046,73.0265589191037,75.1362511576829,77.7360471687556,78.327624860968,0.882120735374862,0.907604659257564,0.93900876761289,0.946154701319884
electric power,CO2,4,midwest reliability council / west,6.61956833333335,5.84706,5.998215,6.18339,6.221835,0.883299288649484,0.906133859181651,0.934107737639486,0.939915518156896
electric power,OC,4,midwest reliability council / west,10.3033646661542,9.05302105896537,7.63360891177157,7.70164370871317,7.68485588423725,0.878647058732556,0.740885056397877,0.747488219456357,0.745858865840341
electric power,PM10.PRI,4,midwest reliability council / west,180.9714849127,159.253417513144,124.883273970711,125.813350981103,125.466721645486,0.879991771023854,0.690071554814031,0.695210911496884,0.693295530541787
electric power,PM25.PRI,4,midwest reliability council / west,127.114628206379,111.710766937953,93.9944093039514,94.694548989103,94.4338494543801,0.87881912974314,0.739446046692163,0.744953986219114,0.742903085088367
electric power,VOC,4,midwest reliability council / west,9.73036304004516,8.57047930329842,8.74806036814085,8.96132941503148,8.99514274904472,0.880797485975266,0.89904768528557,0.920965577353205,0.924440610491649
commercial,BC,8,mountain,0.0026204621266035,0.0029147928382,0.0029147928382,0.0029147928382,0.0029147928382,1.11232015475759,1.11232015475759,1.11232015475759,1.11232015475759
residential,BC,8,mountain,0,0,0,0,0,NA,NA,NA,NA
commercial,CH4,8,mountain,0.570874666666666,0.187788,0.195951,0.208289,0.226439,0.328947860125749,0.343246970730295,0.364859420398173,0.396652738721401
residential,CH4,8,mountain,0.417097521666667,0.423512042,0.44759824,0.466054239,0.495295323,1.01537894616996,1.07312610780198,1.11737475000501,1.18748085824357
commercial,CO,8,mountain,19.1994612212883,5.18248969268715,5.46213525955986,5.86693826488121,6.53157912847795,0.269928912741615,0.284494194738312,0.305578276247459,0.340195959313471
residential,CO,8,mountain,105.206191504223,83.2710912543276,72.2266816981978,62.9152759479541,56.7457666801057,0.791503713457636,0.686525010225265,0.598018757721391,0.539376683717592
commercial,CO2,8,mountain,0.570874666666666,0.187788,0.195951,0.208289,0.226439,0.328947860125749,0.343246970730295,0.364859420398173,0.396652738721401
residential,CO2,8,mountain,0.417097521666667,0.423512042,0.44759824,0.466054239,0.495295323,1.01537894616996,1.07312610780198,1.11737475000501,1.18748085824357
commercial,NOX,8,mountain,34.7556384126045,8.90538050342504,9.32434732275072,9.91987868707397,10.7878774876636,0.256228367832121,0.268283011005464,0.285417823988997,0.310392154492874
residential,NOX,8,mountain,19.9004940801088,19.7395971424598,20.466413879978,21.0118216834951,22.0873762338567,0.991914927488669,1.02843747484817,1.05584422170187,1.10989084717921
commercial,OC,8,mountain,0.0052409242490715,0.0058295856718,0.0058295856718,0.0058295856718,0.0058295856718,1.11232015475759,1.11232015475759,1.11232015475759,1.11232015475759
residential,OC,8,mountain,0,0,0,0,0,NA,NA,NA,NA
commercial,PM10.PRI,8,mountain,0.964667832321561,0.6295992785313,0.652088392412467,0.690374727196931,0.746670695245477,0.652659140728381,0.675971946574768,0.715660566327252,0.774018444720548
residential,PM10.PRI,8,mountain,13.4153433300197,10.4164725102671,8.86059934268851,7.55296067241171,6.6494465358226,0.776459629397482,0.66048248820148,0.563009122212352,0.495659810729037
commercial,PM25.PRI,8,mountain,0.954336013984432,0.625960201784343,0.648392376844647,0.686636165167443,0.742896327786148,0.655911746608941,0.679417277922432,0.719490991753188,0.778443144657713
residential,PM25.PRI,8,mountain,11.5343794528819,8.95524248021907,7.61695794604725,6.4922081094783,5.71492853465181,0.776395688801581,0.660369981511585,0.562857164184606,0.4954690937642
commercial,SO2,8,mountain,3.03776415805671,0.416606109356305,0.438210186082503,0.457999812459077,0.482380623111419,0.137142348016514,0.14425418277462,0.150768719567771,0.158794625919875
residential,SO2,8,mountain,0.550115195934834,0.485300101764376,0.440182166494166,0.404104080932061,0.382067897585033,0.882179051497905,0.800163619814475,0.734580836737931,0.69452343874226
commercial,VOC,8,mountain,1.44649104994374,0.473609236348741,0.493648015887491,0.523648278857199,0.567908829951486,0.32741940322905,0.341272775871438,0.36201280255247,0.392611368023033
residential,VOC,8,mountain,22.7602050182653,17.874542813014,15.3836035623027,13.2862551851596,11.8710966282163,0.785341907011359,0.675899164790353,0.583749363175649,0.521572482264092
commercial,BC,1,new england,0.00563135864171517,0.005476642282731,0.005476642282731,0.005476642282731,0.005476642282731,0.972525926898336,0.972525926898336,0.972525926898336,0.972525926898336
residential,BC,1,new england,0,0,0,0,0,NA,NA,NA,NA
commercial,CH4,1,new england,0.261532666666667,0.23442,0.234496,0.240582,0.25365,0.896331624602663,0.896622219276623,0.919892734878243,0.969859724342912
residential,CH4,1,new england,0.4698339315,0.443058039,0.407027288,0.374613249,0.352247075,0.943009879225805,0.86632161006447,0.797331192755711,0.74972676808465
commercial,CO,1,new england,10.1254183488633,8.54390877592427,8.62818375697978,8.89385042988721,9.39858316953153,0.843807977265794,0.852131088287175,0.878368687935317,0.928216775417152
residential,CO,1,new england,173.635708373738,140.159761874669,116.500434950817,96.9870601667107,83.0869868176823,0.80720586328352,0.670947445326504,0.558566328752799,0.478513248201479
commercial,CO2,1,new england,0.261532666666667,0.23442,0.234496,0.240582,0.25365,0.896331624602663,0.896622219276623,0.919892734878243,0.969859724342912
residential,CO2,1,new england,0.4698339315,0.443058039,0.407027288,0.374613249,0.352247075,0.943009879225805,0.86632161006447,0.797331192755711,0.74972676808465
commercial,NOX,1,new england,14.1689255567233,11.8849474729443,11.8948613341816,12.1645191495593,12.7914518486064,0.838803720533687,0.839503410937,0.858535045643398,0.902782063283321
residential,NOX,1,new england,26.6584903020992,24.5500064351317,22.0617885918704,19.9885368920984,18.5641419683762,0.920907604178864,0.8275708167215,0.749800032394346,0.696368840020711
commercial,OC,1,new england,0.0112627172745432,0.010953284556819,0.010953284556819,0.010953284556819,0.010953284556819,0.972525926898334,0.972525926898334,0.972525926898334,0.972525926898334
residential,OC,1,new england,0,0,0,0,0,NA,NA,NA,NA
commercial,PM10.PRI,1,new england,0.991340542746305,1.1227515504831,1.07122587857503,1.05052970433244,1.05746876576469,1.13255889582883,1.08058314210314,1.05970618474068,1.0667058595578
residential,PM10.PRI,1,new england,24.1754661704201,19.4592282121348,16.0345615476065,13.2588583758013,11.2849762435078,0.804916359211479,0.663257594892858,0.548442718015677,0.466794566191883
commercial,PM25.PRI,1,new england,0.9243111078904,1.04004273682501,0.997207634053565,0.983691844938649,0.996298337459993,1.12520852334962,1.07886579046912,1.06424323643992,1.07788203447419
residential,PM25.PRI,1,new england,20.8444384357308,16.7806544689089,13.825393210665,11.4315781549032,9.7294310715507,0.805042290808088,0.663265323903668,0.548423417121547,0.466763885318822
commercial,SO2,1,new england,11.1877120249637,13.7004598360841,12.2231566483748,11.0043272258387,10.0528675973621,1.22459889971369,1.09255195531496,0.983608373301372,0.898563314369427
residential,SO2,1,new england,28.8568932923559,24.8251833060972,19.6584390881706,16.1692410075284,13.7736357890066,0.860286069418061,0.681238929257089,0.560325078784958,0.477308338408528
commercial,VOC,1,new england,0.599304073077418,0.501910691011212,0.516345442830483,0.542818346021067,0.584133182954049,0.837489203825878,0.861575060184485,0.905747800500842,0.974685821764124
residential,VOC,1,new england,37.9242689193767,30.5179406006271,25.3065855048421,21.0133397260952,17.9540705120127,0.804707420082516,0.667292639408329,0.554086876948571,0.473419027540948
industrial,BC,1,northeast,18.5766749148663,15.540264044299,13.58561547392,12.666215802874,8.443901833569,0.836547127810403,0.73132654450705,0.681834389680665,0.454543230813153
industrial,CH4,1,northeast,1123.39116666667,1154.539,1180.923,1195.567,1191.102,1.02772661407491,1.05121264528369,1.06424817594702,1.06027360312459
industrial,CO,1,northeast,148.848955396828,153.238599267409,145.949634116094,149.192998805377,154.66523600771,1.02949059238527,0.980521722352674,1.00231135924086,1.03907505158754
industrial,CO2,1,northeast,1123.39116666667,1154.539,1180.923,1195.567,1191.102,1.02772661407491,1.05121264528369,1.06424817594702,1.06027360312459
industrial,NOX,1,northeast,215.107515037158,197.728290952044,190.544867298315,189.599497369283,176.427710858337,0.919206801853893,0.88581222866807,0.881417356973937,0.820183854701035
industrial,OC,1,northeast,2.649333202157,2.512773531328,2.226150733485,2.091633356992,1.547595608636,0.94845507891653,0.840268310408272,0.789494260400716,0.584145326596141
industrial,PM10.PRI,1,northeast,54.4287959854388,46.69547267191,42.297260377698,40.539412978261,30.339007002561,0.857918530558756,0.777111813919486,0.74481553825123,0.557407277770346
industrial,PM25.PRI,1,northeast,25.4235651356302,22.842520554788,21.372411194187,20.874333429872,17.257517518687,0.898478259556724,0.840653585764586,0.821062400906843,0.67880005918215
industrial,SO2,1,northeast,250.985403443431,205.234860341004,178.81554767303,166.276978513891,109.076369345549,0.817716319456249,0.712453972301751,0.662496608299248,0.434592481670486
industrial,VOC,1,northeast,11.1043970066085,11.864546763964,11.924507069417,12.391149807525,13.208756005666,1.06845484332946,1.07385453368791,1.11587777347574,1.18950682309045
electric power,BC,7,northeast power coordinating council / long island,0.01477282686215,0.002518678224695,0.00226819104025,0.00201967619584,0.00114001254023,0.170493991989319,0.153538050734312,0.13671562082777,0.0771695594125501
electric power,CH4,7,northeast power coordinating council / long island,0.537056666666667,0.263495,0.208985,0.24119,0.433585,0.490627928772259,0.389130259376726,0.449095998560053,0.807335662903356
electric power,CO,7,northeast power coordinating council / long island,7.31972538903975,3.74680625420488,2.9627946141772,3.43903668248656,6.26424359790392,0.511877981080437,0.404768547548732,0.469831380236754,0.855803088908736
electric power,CO2,7,northeast power coordinating council / long island,0.537056666666667,0.263495,0.208985,0.24119,0.433585,0.490627928772259,0.389130259376726,0.449095998560053,0.807335662903356
electric power,OC,7,northeast power coordinating council / long island,0.0550361866362966,0.024933798374755,0.01989400593342,0.02269813763706,0.03971483008248,0.453043713575734,0.36147137273315,0.412422063088406,0.72161304243212
electric power,PM10.PRI,7,northeast power coordinating council / long island,1.03812419346953,0.19986226027459,0.17622076671384,0.16424225125308,0.13226998629708,0.192522495412257,0.169749214807229,0.158210599739675,0.127412487955819
electric power,PM25.PRI,7,northeast power coordinating council / long island,0.312666186125176,0.076176028581835,0.06483535837659,0.06506080939452,0.07628671149801,0.24363372811711,0.207362872141962,0.208083931942909,0.243987725194782
electric power,VOC,7,northeast power coordinating council / long island,0.539245852713215,0.274184046966815,0.21691270533425,0.25155525379328,0.45728237294191,0.508458332293625,0.402251967711673,0.466494554436682,0.848003504600164
electric power,BC,5,northeast power coordinating council / northeast,0.335326807746516,0.03758984974303,0.02542233716609,0.025438567988645,0.029440146708925,0.11209914887403,0.0758136139992349,0.0758620169964902,0.0877953865566863
electric power,CH4,5,northeast power coordinating council / northeast,2.44770333333333,1.895935,1.54637,1.523275,1.345985,0.774577120593319,0.631763653274975,0.622328277800551,0.549897114437888
electric power,CO,5,northeast power coordinating council / northeast,33.987266392801,27.4246203999764,22.3910032868894,22.0509746647703,19.4621630084624,0.806908684064844,0.658805654685784,0.648801065961603,0.572631019615769
electric power,CO2,5,northeast power coordinating council / northeast,2.44770333333333,1.895935,1.54637,1.523275,1.345985,0.774577120593319,0.631763653274975,0.622328277800551,0.549897114437888
electric power,OC,5,northeast power coordinating council / northeast,0.784571841896094,0.23668779570005,0.18397279981696,0.181722992095605,0.172681009765065,0.301677657877755,0.234488150087503,0.231620588952607,0.22009585425312
electric power,PM10.PRI,5,northeast power coordinating council / northeast,12.2125650427508,1.53461359085642,0.99386322967903,0.99631255857249,1.09545948792753,0.125658580771887,0.0813803837441155,0.0815809418484028,0.0896993779842981
electric power,PM25.PRI,5,northeast power coordinating council / northeast,7.91779454786041,1.11380136591215,0.78838779119067,0.784727386293385,0.853121932271305,0.140670657615526,0.0995716403633777,0.0991093392926492,0.107747419703109
electric power,VOC,5,northeast power coordinating council / northeast,2.69805299570507,2.0252030334419,1.65340254782385,1.6285529809335,1.44296918126164,0.750616476646586,0.612813221406635,0.603603036532618,0.534818694650792
electric power,BC,6,northeast power coordinating council / nyc-westchest,0.00878118655915915,0.00691502416271,0.00689135608229,0.00044180416784,0.000132146782345,0.78748175045858,0.784786433571671,0.050312581888968,0.0150488526185753
electric power,CH4,6,northeast power coordinating council / nyc-westchest,1.24336,0.996635,0.96744,0.808915,0.768245,0.801565918157253,0.778085188521427,0.650587923047228,0.617878168832841
electric power,CO,6,northeast power coordinating council / nyc-westchest,17.7822236316067,14.2576920647946,13.8341494381594,11.7422656388766,11.1613510887945,0.801794666413514,0.777976350132616,0.660337305510288,0.627669031726488
electric power,CO2,6,northeast power coordinating council / nyc-westchest,1.24336,0.996635,0.96744,0.808915,0.768245,0.801565918157253,0.778085188521427,0.650587923047228,0.617878168832841
electric power,OC,6,northeast power coordinating council / nyc-westchest,0.116298174897534,0.09316656011494,0.09051562488971,0.07335670357101,0.069542809772805,0.801100792828654,0.77830649508868,0.630764013585268,0.597969915126154
electric power,PM10.PRI,6,northeast power coordinating council / nyc-westchest,0.739993789021322,0.58506082455712,0.57962884387718,0.13650370702398,0.11083113926229,0.790629371809852,0.783288795766472,0.184466017214162,0.149773066891372
electric power,PM25.PRI,6,northeast power coordinating council / nyc-westchest,0.308770830628139,0.24548061444373,0.24121091628557,0.11480776661742,0.104341728515685,0.795025274713754,0.781197225770548,0.371821931443019,0.337926119197919
electric power,VOC,6,northeast power coordinating council / nyc-westchest,1.30010881946287,1.04237436113207,1.01147578003293,0.85655168051728,0.814071036136865,0.80175931854898,0.777993168641693,0.658830759159958,0.626156075514657
electric power,BC,8,northeast power coordinating council / upstate ny,0.300805350109836,0.195256905228155,0.19219432648952,0.20425993393008,0.202888916909975,0.649113804514644,0.638932540326634,0.679043553764907,0.674485732504067
electric power,CH4,8,northeast power coordinating council / upstate ny,1.212025,1.358045,1.215575,1.355785,1.47847,1.12047606278748,1.00292898248798,1.11861141478105,1.21983457436934
electric power,CO,8,northeast power coordinating council / upstate ny,16.6553795561153,19.2489381389281,17.093976651001,19.0958706159408,20.8831301318308,1.15571897200389,1.02633365954874,1.14652869672547,1.25383693967894
electric power,CO2,8,northeast power coordinating council / upstate ny,1.212025,1.358045,1.215575,1.355785,1.47847,1.12047606278748,1.00292898248798,1.11861141478105,1.21983457436934
electric power,OC,8,northeast power coordinating council / upstate ny,0.635302730752096,0.469984105117165,0.4461194474173,0.47990818355917,0.488609249667645,0.739779765405352,0.702215535716597,0.75540078820539,0.769096725098616
electric power,PM10.PRI,8,northeast power coordinating council / upstate ny,10.3301943615697,6.63834348092065,6.04854429615733,6.43668585919876,6.41093728109649,0.64261554512629,0.58552086092969,0.623094361432777,0.620601806384824
electric power,PM25.PRI,8,northeast power coordinating council / upstate ny,7.07585868810145,4.69914902862276,4.5807248329972,4.87680760999174,4.86161663146461,0.664110072820519,0.647373701894303,0.689217779065096,0.687070904855656
electric power,VOC,8,northeast power coordinating council / upstate ny,1.41617571643255,1.5360158345291,1.40165374985322,1.55738491625095,1.68662939747006,1.08462235067724,0.98974564638355,1.09971163760251,1.19097466359527
commercial,BC,9,pacific,0.0161513317935853,0.021044804291804,0.021044804291804,0.021044804291804,0.021044804291804,1.30297640843229,1.30297640843229,1.30297640843229,1.30297640843229
residential,BC,9,pacific,0,0,0,0,0,NA,NA,NA,NA
commercial,CH4,9,pacific,0.389642166666667,0.374252,0.387474,0.418752,0.467601,0.960501793739812,0.994435492736284,1.07470914552797,1.20007802030324
residential,CH4,9,pacific,0.6944407695,0.679892287,0.663241372,0.645831976,0.647053617,0.979050074334669,0.955072629847952,0.930002966941301,0.931762139290701
commercial,CO,9,pacific,21.2349852706749,23.0333918928882,23.9594345080864,25.302595957113,27.255034924268,1.08469074027082,1.12830002953541,1.19155231965503,1.28349676615536
residential,CO,9,pacific,269.220278380134,206.484343997126,161.975545703462,124.634112276362,96.9763597724529,0.766971734965574,0.601646899253092,0.462944741853291,0.36021194375085
commercial,CO2,9,pacific,0.389642166666667,0.374252,0.387474,0.418752,0.467601,0.960501793739812,0.994435492736284,1.07470914552797,1.20007802030324
residential,CO2,9,pacific,0.6944407695,0.679892287,0.663241372,0.645831976,0.647053617,0.979050074334669,0.955072629847952,0.930002966941301,0.931762139290701
commercial,NOX,9,pacific,19.8771270562047,17.8138459781682,18.5185857678959,20.0072837106059,22.298912454973,0.896198224612525,0.931653035950951,1.00654806170093,1.12183779838608
residential,NOX,9,pacific,34.1733106760845,32.4474587160829,30.9556720168145,29.5603986430846,29.1298924991878,0.949497080445021,0.905843519529941,0.865014189677907,0.852416459596166
commercial,OC,9,pacific,0.0323026635616813,0.042089608550396,0.042089608550396,0.042089608550396,0.042089608550396,1.30297640843229,1.30297640843229,1.30297640843229,1.30297640843229
residential,OC,9,pacific,0,0,0,0,0,NA,NA,NA,NA
commercial,PM10.PRI,9,pacific,1.08113424417546,1.18772432556603,1.21683335960249,1.31335717751766,1.46899435189912,1.09859097698997,1.12551550943659,1.21479565058019,1.35875295765834
residential,PM10.PRI,9,pacific,35.2229883380778,26.7113466669049,20.6818636370533,15.6322688750961,11.8616711226353,0.758349814346347,0.587169476892317,0.443808705980715,0.336759363197252
commercial,PM25.PRI,9,pacific,1.06485966036596,1.16884398959554,1.19778977043744,1.29414395322324,1.44958182724539,1.09765073567896,1.12483345460359,1.21531878931209,1.36128907986543
residential,PM25.PRI,9,pacific,30.2905923403871,22.9702950523909,17.7846213179643,13.4417830493323,10.1988257595162,0.758330995784593,0.587133494060189,0.443760983551653,0.336699449284718
commercial,SO2,9,pacific,1.36188946975802,1.02681162987678,1.08376758825415,1.14500862657853,1.22341114439179,0.753961061215356,0.795782339404322,0.840750040296567,0.898318969019681
residential,SO2,9,pacific,2.67750925821039,2.38658637505696,2.0976884409322,1.88063518914837,1.72751182436342,0.891345704123589,0.783447689116217,0.702382329167133,0.645193595154204
commercial,VOC,9,pacific,1.09702844376817,1.09683619341352,1.13070178646989,1.20741116806128,1.32661686656912,0.999824753536932,1.03069504978928,1.10061974684444,1.2092821057696
residential,VOC,9,pacific,58.8090397331777,44.8843331712772,35.0146376521428,26.7394806325752,20.5891027903303,0.763221664133979,0.595395500606838,0.454683170374738,0.350100985898511
electric power,BC,9,reliability first corporation / east,3.27925237523161,2.91750268235155,2.6104123933218,2.6773675815482,2.62182519328509,0.889685314978383,0.796038881617773,0.816456702683368,0.799519187082973
electric power,CH4,9,reliability first corporation / east,6.6991825,7.55074,8.0008,8.97767,8.882505,1.12711364409016,1.19429497554366,1.34011426021011,1.32590879558812
electric power,CO,9,reliability first corporation / east,88.6890692129116,102.386176745521,108.510875910115,122.503818727395,121.286960390352,1.15443963561877,1.2234977418651,1.38127302287169,1.36755252328993
electric power,CO2,9,reliability first corporation / east,6.6991825,7.55074,8.0008,8.97767,8.882505,1.12711364409016,1.19429497554366,1.34011426021011,1.32590879558812
electric power,OC,9,reliability first corporation / east,6.41566480192399,5.86781431741916,5.29018002797509,5.49541956639511,5.38968771467127,0.914607370955456,0.824572385139045,0.856562762560022,0.840082498240082
electric power,PM10.PRI,9,reliability first corporation / east,109.841420840753,97.5488659249845,81.0056661278709,83.1924937426427,81.4778716496995,0.888088165450897,0.737478316538821,0.757387268899718,0.741777291535814
electric power,PM25.PRI,9,reliability first corporation / east,76.6731156298935,68.5079600483756,61.0871014872407,62.7553434831379,61.4657602673707,0.893506928544137,0.796721262536303,0.81847911054068,0.801659874682415
electric power,VOC,9,reliability first corporation / east,8.68287686064756,9.4412576584925,10.0187017889559,11.0931427345252,10.9596240901989,1.08734211137809,1.15384589114266,1.27758839755075,1.26221116181781
electric power,BC,10,reliability first corporation / michigan,2.46441846512036,1.74565061420199,1.53340989608485,1.53981317480513,1.58075794392752,0.708341801081549,0.622219772245524,0.624818064220246,0.641432437834908
electric power,CH4,10,reliability first corporation / michigan,3.51927,3.0921,3.270365,3.539145,3.76774,0.878619713747453,0.929273684599363,1.00564747802811,1.07060271022115
electric power,CO,10,reliability first corporation / michigan,44.8624366791541,40.588247475411,42.9768766834388,46.8642985113628,50.0639910251973,0.904726770988587,0.957970183180186,1.04462222697634,1.11594453469488
electric power,CO2,10,reliability first corporation / michigan,3.51927,3.0921,3.270365,3.539145,3.76774,0.878619713747453,0.929273684599363,1.00564747802811,1.07060271022115
electric power,OC,10,reliability first corporation / michigan,4.69477124545412,3.38414720340454,2.9787662223168,3.01427940671943,3.10654711029926,0.720833247558411,0.63448591349389,0.642050325591074,0.661703616189456
electric power,PM10.PRI,10,reliability first corporation / michigan,82.0968217244944,58.1250255839829,47.3810957967979,47.6129036852169,48.898128546068,0.708005795632899,0.577136785584737,0.579960377089862,0.595615366331273
electric power,PM25.PRI,10,reliability first corporation / michigan,57.4722180765974,40.8122632551436,35.6962061857651,35.8791983083322,36.8508966592318,0.710121596503376,0.621103680706915,0.624287690802421,0.641194961539815
electric power,VOC,10,reliability first corporation / michigan,4.93861654532805,4.14181582147419,4.37094541417545,4.65962731374696,4.92598994945888,0.838659123149044,0.885054624925351,0.943508626551495,0.997443292923579
electric power,BC,11,reliability first corporation / west,15.9743097937156,14.7992964037243,13.0011338470871,12.936245781164,12.9428380428458,0.926443558115196,0.813877658251114,0.809815631987632,0.810228310955734
electric power,CH4,11,reliability first corporation / west,20.4628641666666,19.619045,20.53581,21.67916,23.63366,0.958763389142699,1.00356479096666,1.0594391783783,1.15495366667675
electric power,CO,11,reliability first corporation / west,256.849646896518,248.2467787227,259.855357022536,276.666147663237,305.050727255655,0.966506209847804,1.01170221630567,1.07715214331092,1.18766263042034
electric power,CO2,11,reliability first corporation / west,20.4628641666666,19.619045,20.53581,21.67916,23.63366,0.958763389142699,1.00356479096666,1.0594391783783,1.15495366667675
electric power,OC,11,reliability first corporation / west,30.2274377109589,28.0937400552291,24.6053941745505,24.595297752265,24.7834953737571,0.929411891403677,0.814008597415119,0.813674582260341,0.819900635003936
electric power,PM10.PRI,11,reliability first corporation / west,531.632670547816,491.893583683749,400.762139473631,398.926975337654,399.391799130757,0.925250856341996,0.753832790337489,0.750380850233646,0.751255182867537
electric power,PM25.PRI,11,reliability first corporation / west,372.264406280633,345.121901669061,301.697449067369,300.357531393208,300.768509063305,0.927088101484753,0.81043861292485,0.806839242016553,0.807943236014267
electric power,VOC,11,reliability first corporation / west,29.5380935394501,28.122796777382,29.436045699395,30.6097774108712,32.6852069893344,0.952085710603568,0.996545212374021,1.03628141640183,1.10654423061126
electric power,BC,15,serc reliability corporation / central,6.36210605593335,5.4086236701925,4.51569623403166,4.30577038838305,4.29151575540315,0.850131013636337,0.709780093939221,0.67678381192144,0.674543259366268
electric power,CH4,15,serc reliability corporation / central,8.63486916666665,7.094565,7.198645,7.412845,7.21039,0.821618123339643,0.833671577536932,0.85847797539492,0.835031760276624
electric power,CO,15,serc reliability corporation / central,108.891732394842,89.62653569475,91.2111566033343,94.9474382510914,92.0460952050442,0.823079344258788,0.83763160524072,0.871943499868397,0.845299208495321
electric power,CO2,15,serc reliability corporation / central,8.63486916666665,7.094565,7.198645,7.412845,7.21039,0.821618123339643,0.833671577536932,0.85847797539492,0.835031760276624
electric power,OC,15,serc reliability corporation / central,12.0625372628366,10.2603799028725,8.55205590613583,8.20410699576587,8.16080217423737,0.850598815100334,0.70897653783701,0.680131121421846,0.676541095494057
electric power,PM10.PRI,15,serc reliability corporation / central,212.282596145818,179.7614268317,139.209091622023,132.811126702554,132.349178009195,0.846802470364649,0.655772513383056,0.625633608754838,0.623457506230441
electric power,PM25.PRI,15,serc reliability corporation / central,148.2247801818,126.119563609217,104.797013711992,99.9980958726565,99.6431113736062,0.850866929635719,0.7070141280254,0.674638179594582,0.672243273030275
electric power,VOC,15,serc reliability corporation / central,12.2405716969151,10.1977309130765,10.293684671291,10.3968889779322,10.1737748495081,0.833109038170703,0.840948031364023,0.849379361958426,0.831151934845664
electric power,BC,12,serc reliability corporation / delta,1.7901164850706,1.31212981224655,1.31672357065565,1.07165910800529,1.25685946855338,0.732985715281428,0.735551893766131,0.598653281472365,0.702110437524855
electric power,CH4,12,serc reliability corporation / delta,4.75874166666667,4.154945,5.147355,5.725135,6.675735,0.87311841890976,1.08166304467743,1.20307749422554,1.40283618393518
electric power,CO,12,serc reliability corporation / delta,63.6585188138803,57.1166396468886,70.9008043753044,80.0261880408231,93.2917091805258,0.897234819645768,1.11376773598202,1.2571167148076,1.46550235410416
electric power,CO2,12,serc reliability corporation / delta,4.75874166666667,4.154945,5.147355,5.725135,6.675735,0.87311841890976,1.08166304467743,1.20307749422554,1.40283618393518
electric power,OC,12,serc reliability corporation / delta,3.56800149403748,2.70930430284668,2.76940496652179,2.39287886145634,2.80287952670949,0.7593338476383,0.776178196996209,0.670649624293909,0.785560076528388
electric power,PM10.PRI,12,serc reliability corporation / delta,60.9265382796522,43.9334903068755,40.9967142723287,33.5708037590043,39.3677393708906,0.721089553869305,0.672887635338056,0.551004614851326,0.646150929996927
electric power,PM25.PRI,12,serc reliability corporation / delta,41.8294795865433,30.9203298607116,30.9631122504355,25.4046303719664,29.7897116441427,0.739199487211856,0.740222268038842,0.607337949768306,0.712170266964693
electric power,VOC,12,serc reliability corporation / delta,5.84381335663795,5.05382160119389,6.2327657860596,6.70068029277702,7.81750449360594,0.864815710695702,1.06655798289311,1.14662804642208,1.33774027617191
electric power,BC,13,serc reliability corporation / gateway,4.0384447996482,3.36503634759977,2.87874134970205,2.58637193600973,2.62006742003158,0.833250549293855,0.712834145944702,0.64043761010056,0.648781288346401
electric power,CH4,13,serc reliability corporation / gateway,4.72501666666667,3.999035,4.08742,3.731465,3.825675,0.846353628382263,0.865059382506587,0.789725256701034,0.809663810709662
electric power,CO,13,serc reliability corporation / gateway,58.7964901421311,49.7315669682615,50.8554303826463,46.550321564929,47.8187599692531,0.845825436995362,0.864939901339543,0.791719394344816,0.813292763796937
electric power,CO2,13,serc reliability corporation / gateway,4.72501666666667,3.999035,4.08742,3.731465,3.825675,0.846353628382263,0.865059382506587,0.789725256701034,0.809663810709662
electric power,OC,13,serc reliability corporation / gateway,7.61783155168922,6.34608220042096,5.40654116303924,4.8627906202802,4.93023595663447,0.833056251947937,0.709721805523562,0.638343154122631,0.647196767634119
electric power,PM10.PRI,13,serc reliability corporation / gateway,133.940819426643,111.785421234702,88.678333014697,79.6800424773013,80.725022820781,0.834588154031151,0.66207100564488,0.594889913458686,0.602691719868061
electric power,PM25.PRI,13,serc reliability corporation / gateway,94.1364657901122,78.4115210022409,66.741070149314,59.9705859330923,60.7577925749938,0.83295586194056,0.708982110058399,0.637060095997267,0.645422494514082
electric power,VOC,13,serc reliability corporation / gateway,7.02373196633195,5.90480845463339,6.03041636166296,5.48066671045957,5.60033819494441,0.840693876551372,0.858577233665748,0.780306927532399,0.797345089731423
electric power,BC,14,serc reliability corporation / southeastern,4.57335965719675,3.5932435223682,3.3796950431199,3.48944988350364,3.44899892926238,0.785690125357576,0.738996120237674,0.762994853906265,0.754149943977171
electric power,CH4,14,serc reliability corporation / southeastern,8.72856750000002,8.619475,8.953845,9.66136,9.731155,0.987501671952469,1.02580921783557,1.10686661929348,1.11486277673856
electric power,CO,14,serc reliability corporation / southeastern,115.616952561184,116.212667087727,120.10185650978,130.060411549327,131.19420446407,1.00515248424514,1.03879105831148,1.12492509678025,1.13473155586455
electric power,CO2,14,serc reliability corporation / southeastern,8.72856750000002,8.619475,8.953845,9.66136,9.731155,0.987501671952469,1.02580921783557,1.10686661929348,1.11486277673856
electric power,OC,14,serc reliability corporation / southeastern,8.92975388082506,7.16526209814737,6.72344691288461,6.97954122781384,6.91504437386544,0.802403089018321,0.752926340704857,0.781605105914629,0.774382414806994
electric power,PM10.PRI,14,serc reliability corporation / southeastern,152.194147572629,120.055119019467,104.655994822977,108.108535553095,106.880279697139,0.788828748899,0.68764795816497,0.710333066529411,0.702262744013428
electric power,PM25.PRI,14,serc reliability corporation / southeastern,107.041411486286,84.2844535928325,78.909186585142,81.5274757345526,80.6064076385022,0.78740043150151,0.737183726274494,0.761644251533412,0.753039468737098
electric power,VOC,14,serc reliability corporation / southeastern,11.5295151005814,10.9068384829065,11.48476860832,12.2995974774398,12.3496566372892,0.945992818237125,0.996118961476606,1.06679226057127,1.07113408756163
electric power,BC,16,serc reliability corporation / virginia-carolina,4.79861405425261,3.48799426759162,3.62375025830878,3.52418855781747,3.66147006412429,0.726875349456475,0.755166016132793,0.734418004443235,0.76302657865961
electric power,CH4,16,serc reliability corporation / virginia-carolina,7.81887083333333,7.161765,7.742905,8.49481,9.96783,0.9159589859789,0.990284296165953,1.08644971647121,1.27484264831505
electric power,CO,16,serc reliability corporation / virginia-carolina,101.230982465441,94.3838878142027,101.678128499438,112.981669809146,133.981098278438,0.932361669476284,1.00441708677628,1.11607797393172,1.32351869966468
electric power,CO2,16,serc reliability corporation / virginia-carolina,7.81887083333333,7.161765,7.742905,8.49481,9.96783,0.9159589859789,0.990284296165953,1.08644971647121,1.27484264831505
electric power,OC,16,serc reliability corporation / virginia-carolina,9.22147555627742,6.80632368509208,7.03659896488799,6.93389653787007,7.30724882782963,0.738094857331021,0.763066487781112,0.75192917831354,0.792416439563764
electric power,PM10.PRI,16,serc reliability corporation / virginia-carolina,160.162419958954,117.345245691131,112.081981721493,109.04121858804,113.442089544729,0.732664040173745,0.69980199943418,0.680816502497806,0.708294052835874
electric power,PM25.PRI,16,serc reliability corporation / virginia-carolina,111.998522422006,81.4518584717289,84.3381934506471,82.1664873691944,85.5188584338349,0.727258330827097,0.75302951884369,0.73363903016144,0.763571309553564
electric power,VOC,16,serc reliability corporation / virginia-carolina,10.6266149268728,9.23430846173309,10.3364328084467,11.0817117018574,12.7239264265905,0.868979305760026,0.972692892287614,1.04282612836885,1.19736402552933
industrial,BC,3,south,54.599161351071,47.339074230892,52.597787273676,54.238898305281,54.235896061969,0.867029329013007,0.96334423408949,0.993401674368704,0.993346687382865
industrial,CH4,3,south,7016.1845,6955.951,7500.227,7852.944,8244.58,0.991415063272638,1.06898942010433,1.1192613307133,1.1750802733309
industrial,CO,3,south,1010.74556985102,900.081224734862,975.921342452465,1041.49529124654,1100.46607288132,0.890512164072634,0.965546000460144,1.03042281095533,1.08876665474133
industrial,CO2,3,south,7016.1845,6955.951,7500.227,7852.944,8244.58,0.991415063272638,1.06898942010433,1.1192613307133,1.1750802733309
industrial,NOX,3,south,1192.02562734497,1045.06504575901,1117.3304637221,1152.06598089992,1183.24565763169,0.876713572078743,0.937337619335217,0.966477527388357,0.992634411952336
industrial,OC,3,south,10.0885296459743,9.409609956529,10.286944071089,10.891810890888,11.32252692094,0.932703801914657,1.01966732834986,1.07962322291774,1.12231686065948
industrial,PM10.PRI,3,south,191.776383481574,172.420885098832,185.416866514215,191.787832384804,196.307501385492,0.89907256549865,0.966838894070758,1.00005969923419,1.02362709016438
industrial,PM25.PRI,3,south,110.470724285285,101.432198555291,107.940446991711,112.222414436167,116.360571650034,0.918181710236166,0.977095494666626,1.01585660058097,1.05331591154901
industrial,SO2,3,south,722.412276181178,623.324217955337,666.117643799693,676.41468943737,673.703452561809,0.862837244752205,0.922074092263395,0.936327789185753,0.932574756513201
industrial,VOC,3,south,91.0133385827579,81.636864586909,84.608912952106,88.984157591501,93.577867577882,0.896976925120454,0.929632010753804,0.977704575803339,1.02817750711114
commercial,BC,5,south atlantic,0.0128590944045257,0.012559588879557,0.012559588879557,0.012559588879557,0.012559588879557,0.976708661158651,0.976708661158651,0.976708661158651,0.976708661158651
residential,BC,5,south atlantic,0,0,0,0,0,NA,NA,NA,NA
commercial,CH4,5,south atlantic,0.582803333333334,0.431474,0.452516,0.484939,0.540261,0.740342368208829,0.77644717200199,0.832080004118027,0.927003963601214
residential,CH4,5,south atlantic,0.584353308833333,0.563754367,0.564597666,0.561153324,0.576972501,0.964749165407381,0.96619229747706,0.960298017513322,0.98736927177144
commercial,CO,5,south atlantic,24.0788317905467,17.4150756027277,18.0345743672196,18.9037999972525,20.5566533468412,0.723252513004587,0.748980454039297,0.7850796152276,0.853723034641225
residential,CO,5,south atlantic,320.233560492772,231.224420605854,184.012709780025,146.544160558011,121.473615659363,0.722049307543058,0.574620316174446,0.457616498197472,0.379328186191481
commercial,CO2,5,south atlantic,0.582803333333334,0.431474,0.452516,0.484939,0.540261,0.740342368208829,0.77644717200199,0.832080004118027,0.927003963601214
residential,CO2,5,south atlantic,0.584353308833333,0.563754367,0.564597666,0.561153324,0.576972501,0.964749165407381,0.96619229747706,0.960298017513322,0.98736927177144
commercial,NOX,5,south atlantic,31.7758534349623,21.0572124668346,22.2618515368003,23.944136698482,26.6902647658945,0.662679682543658,0.700590200743629,0.75353245027675,0.839954301165293
residential,NOX,5,south atlantic,31.3928353072255,28.8541565261503,27.9524166994177,27.0941391651339,27.3047730033032,0.919131905218804,0.890407522157899,0.863067604438321,0.869777219422375
commercial,OC,5,south atlantic,0.0257181887887577,0.025119177739293,0.025119177739293,0.025119177739293,0.025119177739293,0.976708661158653,0.976708661158653,0.976708661158653,0.976708661158653
residential,OC,5,south atlantic,0,0,0,0,0,NA,NA,NA,NA
commercial,PM10.PRI,5,south atlantic,1.45388869513283,1.42252398530533,1.46837269121056,1.55785797416747,1.72316798921739,0.978427021317035,1.0099622454774,1.07151116820888,1.18521314250948
residential,PM10.PRI,5,south atlantic,42.6541654023368,30.5325602546795,24.0484260721697,18.917029458743,15.4415776712864,0.715816614079308,0.563800178606993,0.443497822083903,0.362018047373175
commercial,PM25.PRI,5,south atlantic,1.42482049807334,1.3930608094494,1.43916462305817,1.5288727373412,1.69414436635752,0.977709691384363,1.01006732076372,1.07302831437964,1.1890230163367
residential,PM25.PRI,5,south atlantic,36.6914247628723,26.2647995783977,20.68621367891,16.2716777556163,13.281523948215,0.715829372888644,0.563788782054662,0.443473587105874,0.36197896467772
commercial,SO2,5,south atlantic,4.41563647596472,3.88762879070306,3.8974749767047,3.91008160541751,3.9841025487311,0.880423198753856,0.882653043999322,0.885508040958749,0.902271409890159
residential,SO2,5,south atlantic,7.33180591263106,6.1054410852506,4.93622876343591,4.11082296619247,3.51930653478204,0.832733593606494,0.673262334308645,0.560683549889182,0.480005414316691
commercial,VOC,5,south atlantic,1.52946002162211,1.13210396361652,1.18534976546336,1.26541572560077,1.40064096016706,0.740198467179179,0.77501193146991,0.827361099807431,0.915774809649208
residential,VOC,5,south atlantic,70.317663896631,50.5604403190483,40.0626520727739,31.737511287643,26.1397352119491,0.719029010880873,0.569738097836515,0.451344790610479,0.371737821813524
electric power,BC,17,southwest power pool / north,2.2639131159393,2.21437053421949,1.82849932997822,1.84448412995987,1.84117811400008,0.978116394409749,0.807672042316686,0.814732737300563,0.813272426859975
electric power,CH4,17,southwest power pool / north,2.87101666666667,2.685275,2.7132,2.78621,2.792565,0.935304566907192,0.945031086548899,0.97046110262915,0.972674604234272
electric power,CO,17,southwest power pool / north,36.1361921925126,33.5053098585208,34.0010108185317,35.0130230265976,35.1146154847009,0.927195363585185,0.940912939509346,0.968918441657291,0.971729818615939
electric power,CO2,17,southwest power pool / north,2.87101666666667,2.685275,2.7132,2.78621,2.792565,0.935304566907192,0.945031086548899,0.97046110262915,0.972674604234272
electric power,OC,17,southwest power pool / north,4.28818703165049,4.18086141076914,3.44461818084837,3.47911810059016,3.47388249255743,0.974971795752098,0.803280770037347,0.811326109358406,0.810105171933315
electric power,PM10.PRI,17,southwest power pool / north,75.1732951173692,73.5690418963621,56.3430465587551,56.8440460346681,56.7443640872669,0.978659266984342,0.749508804566647,0.756173398357976,0.754847369649968
electric power,PM25.PRI,17,southwest power pool / north,52.7893822730417,51.6057811291153,42.4074324493872,42.7843538659258,42.7090445989503,0.977578802915242,0.803332613934444,0.810472712952633,0.809046114198626
electric power,VOC,17,southwest power pool / north,4.16847314044445,3.94250031277831,3.95425353005434,4.04092792531011,4.0456626083943,0.945790024296031,0.948609574016046,0.969402414064557,0.970538245560806
electric power,BC,18,southwest power pool / south,3.40530923774343,2.41728011712596,2.22472627235412,2.05260186604729,2.12500024899047,0.709856271005743,0.653311084848305,0.602765188928179,0.624025631927229
electric power,CH4,18,southwest power pool / south,6.29702083333333,4.676025,4.92403,5.495225,5.598945,0.742577343121913,0.781961840420569,0.872670608124874,0.889141889187016
electric power,CO,18,southwest power pool / south,81.76195180879,61.9342720864927,64.9578326393227,73.7700940828053,75.0623099951911,0.757495029366878,0.79447507309065,0.902254562798664,0.918059174648045
electric power,CO2,18,southwest power pool / south,6.29702083333333,4.676025,4.92403,5.495225,5.598945,0.742577343121913,0.781961840420569,0.872670608124874,0.889141889187016
electric power,OC,18,southwest power pool / south,6.56959781846034,4.72182878619014,4.33791373236975,4.08838028268099,4.22442612321567,0.718739398768364,0.660301262305642,0.622318199021679,0.643026596140357
electric power,PM10.PRI,18,southwest power pool / south,114.773336378594,80.5409817886005,68.7660848033696,63.5732797051907,65.8038297489437,0.701739483488794,0.599146866102558,0.553902863775661,0.573337256066875
electric power,PM25.PRI,18,southwest power pool / south,79.3649343449299,56.5669488991429,51.813177070322,47.9309281698225,49.609499973882,0.712744858495011,0.652847224003683,0.603930798474661,0.625080841852309
electric power,VOC,18,southwest power pool / south,8.25513182308675,6.15325054320332,6.53154456879562,7.03543012737982,7.18805347743125,0.745384892097641,0.791210208240303,0.852249276953295,0.870737576513164
electric power,BC,1,texas regional entity,5.4331882544704,4.62842540876765,4.18464035650018,3.86743756836555,3.96058688108933,0.851880183787006,0.770199772308106,0.711817332149947,0.728961835222731
electric power,CH4,1,texas regional entity,12.3763441666667,12.77791,14.064305,15.097345,16.12693,1.03244624001447,1.13638606123119,1.21985497467514,1.3030447265223
electric power,CO,1,texas regional entity,166.450354661377,174.168824976505,191.975956771294,207.934437538738,222.622045787341,1.04637100552192,1.15335264476814,1.24922796326722,1.33746813721268
electric power,CO2,1,texas regional entity,12.3763441666667,12.77791,14.064305,15.097345,16.12693,1.03244624001447,1.13638606123119,1.21985497467514,1.3030447265223
electric power,OC,1,texas regional entity,10.7870567036691,9.38669175721183,8.59360219220952,8.13212424865468,8.38823966147919,0.870180997010894,0.796658664943005,0.753877955039267,0.777620799807794
electric power,PM10.PRI,1,texas regional entity,181.148792880824,154.728093098089,129.991809433777,120.415504482932,123.403947377286,0.854149181109275,0.717596884674236,0.664732580151127,0.68122975270651
electric power,PM25.PRI,1,texas regional entity,127.417401868991,108.817653458145,98.0965333631944,90.9402220785621,93.2192229035099,0.854025053579657,0.76988332774244,0.713719011254569,0.731605114655823
electric power,VOC,1,texas regional entity,15.818518220676,15.835429673063,17.3756639498077,18.2837896603416,19.4301100545723,1.00106909206988,1.09843815377703,1.15584717893761,1.22831416846463
industrial,BC,4,west,16.5985041659597,15.939190093623,14.934804225477,14.861898492024,15.8764179934,0.960278705493908,0.899768080072263,0.895375772625517,0.956496912894083
industrial,CH4,4,west,2187.7855,2367.107,2375.114,2561.143,2797.572,1.08196484527391,1.08562471046636,1.17065544131269,1.27872316550229
industrial,CO,4,west,248.097351199653,279.52542848503,257.714041106867,289.12790230954,314.385236600932,1.12667639188169,1.03876175969116,1.16538085115172,1.26718497831899
industrial,CO2,4,west,2187.7855,2367.107,2375.114,2561.143,2797.572,1.08196484527391,1.08562471046636,1.17065544131269,1.27872316550229
industrial,NOX,4,west,367.178597729883,384.984596864535,356.413913035803,380.685905364973,413.291611475544,1.048494109528,0.970682701114297,1.03678675096697,1.12558742266232
industrial,OC,4,west,2.36792050538367,2.55115592446,2.483887453944,2.652228168534,2.845829616882,1.0773824200009,1.04897417303354,1.12006638842137,1.20182650152814
industrial,PM10.PRI,4,west,54.790788799869,52.811981156941,50.741944885843,51.916656568689,56.246947603835,0.963884300878459,0.926103565896543,0.947543514263353,1.02657670816321
industrial,PM25.PRI,4,west,31.0467608484867,30.548469195522,30.036732862664,31.165766042008,33.737981480863,0.983950285332617,0.967467524526897,1.00383309531394,1.08668281517386
industrial,SO2,4,west,207.063543775486,191.398784249007,176.602373665789,174.23413452474,186.20789193144,0.924348056442691,0.852889747976468,0.841452490128624,0.899278977536196
industrial,VOC,4,west,27.4431249988385,29.029688909898,27.188002288408,29.633663563025,31.968431242409,1.05781280051476,0.990703583850553,1.07982103219948,1.16489762896033
commercial,BC,4,west north central,0.006223082709557,0.007572758523767,0.007572758523767,0.007572758523767,0.007572758523767,1.21688219122289,1.21688219122289,1.21688219122289,1.21688219122289
residential,BC,4,west north central,0,0,0,0,0,NA,NA,NA,NA
commercial,CH4,4,west north central,0.2741795,0.25375,0.254622,0.260908,0.274231,0.925488594150911,0.928668992393668,0.951595578808772,1.0001878331531
residential,CH4,4,west north central,0.527557504500001,0.509946101,0.501782003,0.493264491,0.492101263,0.966617092260507,0.951141816237777,0.934996634096785,0.932791702899564
commercial,CO,4,west north central,9.48188207506124,9.89587913707906,10.0382456029422,10.2793422547777,10.8062482099596,1.04366190791454,1.05867648674352,1.08410357494467,1.13967333957692
residential,CO,4,west north central,203.873653676443,161.495732785212,140.912239054605,125.777394956684,116.064159629964,0.792136354418379,0.69117434505902,0.616937954897785,0.56929454854507
commercial,CO2,4,west north central,0.2741795,0.25375,0.254622,0.260908,0.274231,0.925488594150911,0.928668992393668,0.951595578808772,1.0001878331531
residential,CO2,4,west north central,0.527557504500001,0.509946101,0.501782003,0.493264491,0.492101263,0.966617092260507,0.951141816237777,0.934996634096785,0.932791702899564
commercial,NOX,4,west north central,13.3367958964275,12.4983796409142,12.5879423885491,12.8985756342008,13.5399282637035,0.93713510636105,0.943850568480318,0.967142013296903,1.01523097218054
residential,NOX,4,west north central,27.060658731344,25.4795169044939,24.5885602344336,23.8287529640494,23.4991724723105,0.941570460551328,0.90864603402847,0.880568104443402,0.86838878186996
commercial,OC,4,west north central,0.012446165409293,0.015145517035583,0.015145517035583,0.015145517035583,0.015145517035583,1.21688219122289,1.21688219122289,1.21688219122289,1.21688219122289
residential,OC,4,west north central,0,0,0,0,0,NA,NA,NA,NA
commercial,PM10.PRI,4,west north central,0.907644544570295,0.82722467388703,0.821133020072477,0.837166394703444,0.875868672830367,0.911397175067759,0.904685677873186,0.922350494708016,0.964990841480822
residential,PM10.PRI,4,west north central,26.6299336026089,20.8952837579255,18.1023526288811,16.0535586686171,14.7280981591895,0.784653993875464,0.679774606238884,0.602838854507859,0.553065523142973
commercial,PM25.PRI,4,west north central,0.893800411092568,0.812357126103973,0.806621089017053,0.823025343604694,0.861992053423146,0.908879785712965,0.902462204096608,0.920815579619885,0.96441223647398
residential,PM25.PRI,4,west north central,22.8992919259116,17.9672965807038,15.5650457487021,13.8028364240237,12.662705559003,0.784622364692988,0.679717337944825,0.602762586226746,0.552973672721932
commercial,SO2,4,west north central,1.87403767532928,1.90120173098702,1.84901101193086,1.79344202438392,1.76259365385963,1.01449493572906,0.986645592173582,0.956993580221808,0.940532667546256
residential,SO2,4,west north central,1.43318728887543,1.19050859740398,0.939617592427657,0.743177451876102,0.593934649332662,0.830672031942264,0.655613958985738,0.518548732356709,0.414415236545045
commercial,VOC,4,west north central,0.703473178880128,0.668718279025123,0.672207696872869,0.688377892282135,0.721593239973326,0.950595273709892,0.955555545050018,0.978541773800071,1.02575799850969
residential,VOC,4,west north central,44.5260888726,35.1319899313125,30.5689820375111,27.2175933806948,25.0603516398273,0.78902034337293,0.686540920424796,0.611272942893569,0.562824004406294
commercial,BC,7,west south central,0.0028764569758715,0.002954079176454,0.002954079176454,0.002954079176454,0.002954079176454,1.02698535080956,1.02698535080956,1.02698535080956,1.02698535080956
residential,BC,7,west south central,0,0,0,0,0,NA,NA,NA,NA
commercial,CH4,7,west south central,0.351494666666667,0.307815,0.315804,0.332396,0.362243,0.87573163746439,0.898460289582393,0.945664419754117,1.03057893718634
residential,CH4,7,west south central,0.389396644333333,0.372166448,0.380783606,0.382042059,0.39429907,0.955751554143894,0.97788106687956,0.981112869254628,1.01258979947056
commercial,CO,7,west south central,10.0342455170686,7.81467996289996,8.16599427327269,8.70348952905204,9.74751999868025,0.778800952159975,0.813812484394774,0.867378570142332,0.971425303686203
residential,CO,7,west south central,116.428393092122,81.1901604161252,67.8164248284061,56.9668818054858,49.7604570628022,0.697339869252384,0.582473252677702,0.489286850849276,0.427391083405491
commercial,CO2,7,west south central,0.351494666666667,0.307815,0.315804,0.332396,0.362243,0.87573163746439,0.898460289582393,0.945664419754117,1.03057893718634
residential,CO2,7,west south central,0.389396644333333,0.372166448,0.380783606,0.382042059,0.39429907,0.955751554143894,0.97788106687956,0.981112869254628,1.01258979947056
commercial,NOX,7,west south central,17.6673847440058,14.3311644508448,14.8196618917353,15.6648531434413,17.1187075634521,0.811165017261939,0.838814691957354,0.886653761743435,0.968944063396831
residential,NOX,7,west south central,18.7529174909117,17.3433174968235,17.3991588171547,17.2162724331201,17.5729627088401,0.924833029592792,0.927810770008822,0.918058346999267,0.93707886878703
commercial,OC,7,west south central,0.0057529139472035,0.005908158348246,0.005908158348246,0.005908158348246,0.005908158348246,1.02698535080956,1.02698535080956,1.02698535080956,1.02698535080956
residential,OC,7,west south central,0,0,0,0,0,NA,NA,NA,NA
commercial,PM10.PRI,7,west south central,1.03010098426182,1.03823052068582,1.05278586466435,1.10060364125332,1.19160179241638,1.00789198005653,1.0220219966286,1.06844247124181,1.1567815297937
residential,PM10.PRI,7,west south central,14.9904715820632,10.2346618422974,8.39702368709152,6.91861860864425,5.9118151107417,0.682744487808084,0.56015740673155,0.461534420099412,0.39437152316245
commercial,PM25.PRI,7,west south central,1.02559974394949,1.03389656703951,1.04824588475505,1.09587717315829,1.1866909210184,1.00808972812149,1.02208087603294,1.06852325151543,1.15707021966343
residential,PM25.PRI,7,west south central,12.8888097963901,8.79892615175615,7.21849433469396,5.94705622877924,5.08110944403175,0.682679494131457,0.560059031728106,0.46141236644247,0.39422642775401
commercial,SO2,7,west south central,0.815357553002568,0.535474436242548,0.59630806718261,0.651332772889043,0.715498955626395,0.65673572811174,0.731345487616685,0.79883085707675,0.877527844062471
residential,SO2,7,west south central,0.339728778138805,0.264202461431266,0.238938703397142,0.217141578756567,0.205285630896244,0.777686432331969,0.703321940243512,0.639161568667133,0.604263295034632
commercial,VOC,7,west south central,0.87504146801693,0.760235831502535,0.780462679285529,0.820974696406224,0.89369915113651,0.868799776112811,0.891915078098251,0.93821233211583,1.02132205592709
residential,VOC,7,west south central,25.2968948226273,17.4895045636833,14.5039005788714,12.090344186035,10.4701092111975,0.691369620117938,0.573347072064281,0.477937876202122,0.413889107125998
electric power,BC,21,western electricity / northwest power pool,3.47978148224418,3.14601317755109,2.05545151612624,2.13037204906942,2.11985157034914,0.904083544786887,0.590684077898086,0.612214318611611,0.609191002701126
electric power,CH4,21,western electricity / northwest power pool,5.39443666666667,4.581765,3.361545,3.61539,3.613475,0.849350040257524,0.623150332039613,0.670207145509787,0.669852150147281
electric power,CO,21,western electricity / northwest power pool,69.4167579748717,58.2680463712328,42.27941782674,45.746243982002,45.7493816698188,0.839394521886564,0.609066442458243,0.659008650311237,0.659053851036657
electric power,CO2,21,western electricity / northwest power pool,5.39443666666667,4.581765,3.361545,3.61539,3.613475,0.849350040257524,0.623150332039613,0.670207145509787,0.669852150147281
electric power,OC,21,western electricity / northwest power pool,6.66269914573154,5.98814187648941,3.87971344153054,4.03375840877995,4.01516552660445,0.898756156553416,0.582303561465187,0.605424066215594,0.602633473128793
electric power,PM10.PRI,21,western electricity / northwest power pool,116.094345816913,105.131924992194,63.9251737888226,66.2526989278451,65.9306789994783,0.905573171995753,0.5506312416768,0.570679807544884,0.567906029665342
electric power,PM25.PRI,21,western electricity / northwest power pool,81.1833703671804,73.312612250663,47.6076685175893,49.3642461201248,49.1220077561382,0.903049626038939,0.586421434614833,0.608058594966649,0.605074752796867
electric power,VOC,21,western electricity / northwest power pool,7.41499518402418,6.37423248002113,4.73409943591458,5.04735857772463,5.0390995794502,0.859640811871948,0.63844942827668,0.680696137011566,0.679582313189775
electric power,BC,22,western electricity coordinating council / rockies,2.30208725887807,1.98732631517053,1.6993237704721,1.75465563745549,1.74192593427455,0.863271497423192,0.738166532966378,0.762202054109204,0.756672418717734
electric power,CH4,22,western electricity coordinating council / rockies,3.12489416666667,2.586375,2.617785,2.81698,3.04613,0.827668030357295,0.837719570769464,0.901464129585189,0.974794613044229
electric power,CO,22,western electricity coordinating council / rockies,39.7925140096736,32.6355250843049,32.9990565400129,35.7280272674248,39.0969991103395,0.820142328186933,0.82927800269143,0.897858005622346,0.98252146373147
electric power,CO2,22,western electricity coordinating council / rockies,3.12489416666667,2.586375,2.617785,2.81698,3.04613,0.827668030357295,0.837719570769464,0.901464129585189,0.974794613044229
electric power,OC,22,western electricity coordinating council / rockies,4.381757854788,3.7682071621792,3.21002165432992,3.3247728870152,3.32325594488092,0.859976129913622,0.732587641926012,0.758776043131226,0.758429848251327
electric power,PM10.PRI,22,western electricity coordinating council / rockies,76.4035045861703,66.04783356561,52.3742801969092,54.0968623150492,53.736815461857,0.864460785187139,0.685495782956393,0.708041635106372,0.703329196126742
electric power,PM25.PRI,22,western electricity coordinating council / rockies,53.7204630982184,46.3383065588278,39.4245600346523,40.723030441443,40.4609393429755,0.862582038321344,0.733883473092394,0.758054344523949,0.753175550050635
electric power,VOC,22,western electricity coordinating council / rockies,4.46160805209884,3.72539555815032,3.77702783014377,4.02065131229534,4.25610296147544,0.83498942862043,0.846561998732044,0.901166410259624,0.953939232621133
electric power,BC,20,western electricity coordinating council/ california,0.56687446248793,0.52143248913988,0.009371589341785,0.009375534021855,0.009375534021855,0.919837677730953,0.0165320365652996,0.0165389952136971,0.0165389952136971
electric power,CH4,20,western electricity coordinating council/ california,4.61912916666667,3.411335,2.681375,2.83353,2.688005,0.738523404934733,0.58049361757402,0.613433809222698,0.581928953058432
electric power,CO,20,western electricity coordinating council/ california,65.467503626949,48.2780210252265,38.9410063814212,41.1523022689973,39.0372372738393,0.737434885257384,0.594814285318061,0.628591285586417,0.596284188507992
electric power,CO2,20,western electricity coordinating council/ california,4.61912916666667,3.411335,2.681375,2.83353,2.688005,0.738523404934733,0.58049361757402,0.613433809222698,0.581928953058432
electric power,OC,20,western electricity coordinating council/ california,1.4147256058429,1.23575904943921,0.258815100954345,0.272578701616245,0.259416486054695,0.873497337105836,0.182943674649999,0.192672487506043,0.183368764220631
electric power,PM10.PRI,20,western electricity coordinating council/ california,19.626278275545,17.6955509884541,0.64629546781773,0.66679164809661,0.64743544875851,0.901625399376067,0.0329301082326461,0.0339744315623739,0.0329881926501182
electric power,PM25.PRI,20,western electricity coordinating council/ california,13.6771455805867,12.5211426824232,0.571627816513165,0.591930283038415,0.572574083700315,0.915479228370261,0.0417943797662381,0.0432787879276945,0.0418635657803501
electric power,VOC,20,western electricity coordinating council/ california,5.15581097613196,3.87395705788914,2.84757884281444,3.00885512299764,2.85459862299764,0.751376859202758,0.552304740417536,0.583585227799598,0.553666268257809
electric power,BC,19,western electricity coordinating council/ southwest,3.04809439423955,2.45136655434711,1.93605784482263,1.91022799696162,1.89632979484099,0.804229212513837,0.635169910906139,0.626695813808021,0.622136177417857
electric power,CH4,19,western electricity coordinating council/ southwest,5.89426083333333,4.8867,4.78024,4.808435,4.94784,0.829060697885075,0.810999060809575,0.815782527438767,0.839433499789979
electric power,CO,19,western electricity coordinating council/ southwest,78.1854409974649,64.9113365087224,63.7241885013727,64.2105674345004,66.2780375004592,0.83022280977896,0.815039062111818,0.821259899737374,0.847703058969869
electric power,CO2,19,western electricity coordinating council/ southwest,5.89426083333333,4.8867,4.78024,4.808435,4.94784,0.829060697885075,0.810999060809575,0.815782527438767,0.839433499789979
electric power,OC,19,western electricity coordinating council/ southwest,5.9590689387267,4.80150734663377,3.81977762426212,3.77712810488301,3.76542253799329,0.805747910622381,0.641002422280804,0.633845344586681,0.631881016432387
electric power,PM10.PRI,19,western electricity coordinating council/ southwest,101.432865262625,81.6958495363041,59.9106661099277,59.1237750457908,58.7167338909791,0.805417941460901,0.590643535059471,0.582885782558844,0.57887287063175
electric power,PM25.PRI,19,western electricity coordinating council/ southwest,71.3548997918238,57.3838815699116,45.1557607320111,44.5655167295437,44.2644815010064,0.804203800122033,0.632833356416334,0.624561408670778,0.620342564142714
electric power,VOC,19,western electricity coordinating council/ southwest,7.76668975295793,6.39344854233902,6.20877128608631,6.22341285069839,6.36299166320421,0.823188352528705,0.799410235708425,0.801295410097746,0.819266877601345
